File Name,ID,Foot,Replicate,Gender,Brand,Model/Details,Size
001_01_L_01.tiff,1,L,1,W,Converse,,5.5
001_01_L_02.tiff,1,L,2,W,Converse,,5.5
001_01_L_03.tiff,1,L,3,W,Converse,,5.5
001_01_L_04.tiff,1,L,4,W,Converse,,5.5
001_01_L_05.tiff,1,L,5,W,Converse,,5.5
001_01_R_01.tiff,1,R,1,W,Converse,,5.5
001_01_R_02.tiff,1,R,2,W,Converse,,5.5
001_01_R_03.tiff,1,R,3,W,Converse,,5.5
001_01_R_04.tiff,1,R,4,W,Converse,,5.5
001_01_R_05.tiff,1,R,5,W,Converse,,5.5
002_01_L_01.tiff,2,L,1,M,Saucony,cohesion_xt600,9.5
002_01_L_02.tiff,2,L,2,M,Saucony,cohesion_xt600,9.5
002_01_L_03.tiff,2,L,3,M,Saucony,cohesion_xt600,9.5
002_01_L_04.tiff,2,L,4,M,Saucony,cohesion_xt600,9.5
002_01_L_05.tiff,2,L,5,M,Saucony,cohesion_xt600,9.5
002_01_R_01.tiff,2,R,1,M,Saucony,cohesion_xt600,9.5
002_01_R_02.tiff,2,R,2,M,Saucony,cohesion_xt600,9.5
002_01_R_03.tiff,2,R,3,M,Saucony,cohesion_xt600,9.5
002_01_R_04.tiff,2,R,4,M,Saucony,cohesion_xt600,9.5
002_01_R_05.tiff,2,R,5,M,Saucony,cohesion_xt600,9.5
002_02_L_01.tiff,3,L,1,M,Saucony,ride5,9.5
002_02_L_02.tiff,3,L,2,M,Saucony,ride5,9.5
002_02_L_03.tiff,3,L,3,M,Saucony,ride5,9.5
002_02_L_04.tiff,3,L,4,M,Saucony,ride5,9.5
002_02_L_05.tiff,3,L,5,M,Saucony,ride5,9.5
002_02_R_01.tiff,3,R,1,M,Saucony,ride5,9.5
002_02_R_02.tiff,3,R,2,M,Saucony,ride5,9.5
002_02_R_03.tiff,3,R,3,M,Saucony,ride5,9.5
002_02_R_04.tiff,3,R,4,M,Saucony,ride5,9.5
002_02_R_05.tiff,3,R,5,M,Saucony,ride5,9.5
002_05_L_01.tiff,4,L,1,M,Saucony,stratos4,9.5
002_05_L_02.tiff,4,L,2,M,Saucony,stratos4,9.5
002_05_L_03.tiff,4,L,3,M,Saucony,stratos4,9.5
002_05_L_04.tiff,4,L,4,M,Saucony,stratos4,9.5
002_05_L_05.tiff,4,L,5,M,Saucony,stratos4,9.5
002_05_R_01.tiff,4,R,1,M,Saucony,stratos4,9.5
002_05_R_02.tiff,4,R,2,M,Saucony,stratos4,9.5
002_05_R_03.tiff,4,R,3,M,Saucony,stratos4,9.5
002_05_R_04.tiff,4,R,4,M,Saucony,stratos4,9.5
002_05_R_05.tiff,4,R,5,M,Saucony,stratos4,9.5
002_06_L_01.tiff,5,L,1,M,Saucony,phantom,9.5
002_06_L_02.tiff,5,L,2,M,Saucony,phantom,9.5
002_06_L_03.tiff,5,L,3,M,Saucony,phantom,9.5
002_06_L_04.tiff,5,L,4,M,Saucony,phantom,9.5
002_06_L_05.tiff,5,L,5,M,Saucony,phantom,9.5
002_06_R_01.tiff,5,R,1,M,Saucony,phantom,9.5
002_06_R_02.tiff,5,R,2,M,Saucony,phantom,9.5
002_06_R_03.tiff,5,R,3,M,Saucony,phantom,9.5
002_06_R_04.tiff,5,R,4,M,Saucony,phantom,9.5
002_06_R_05.tiff,5,R,5,M,Saucony,phantom,9.5
002_07_L_01.tiff,6,L,1,M,Saucony,guide9,9.5
002_07_L_02.tiff,6,L,2,M,Saucony,guide9,9.5
002_07_L_03.tiff,6,L,3,M,Saucony,guide9,9.5
002_07_L_04.tiff,6,L,4,M,Saucony,guide9,9.5
002_07_L_05.tiff,6,L,5,M,Saucony,guide9,9.5
002_07_R_01.tiff,6,R,1,M,Saucony,guide9,9.5
002_07_R_02.tiff,6,R,2,M,Saucony,guide9,9.5
002_07_R_03.tiff,6,R,3,M,Saucony,guide9,9.5
002_07_R_04.tiff,6,R,4,M,Saucony,guide9,9.5
002_07_R_05.tiff,6,R,5,M,Saucony,guide9,9.5
003_01_L_01.tiff,7,L,1,M,BAGO,extralight,10
003_01_L_02.tiff,7,L,2,M,BAGO,extralight,10
003_01_L_03.tiff,7,L,3,M,BAGO,extralight,10
003_01_L_04.tiff,7,L,4,M,BAGO,extralight,10
003_01_L_05.tiff,7,L,5,M,BAGO,extralight,10
003_01_R_01.tiff,7,R,1,M,BAGO,extralight,10
003_01_R_02.tiff,7,R,2,M,BAGO,extralight,10
003_01_R_03.tiff,7,R,3,M,BAGO,extralight,10
003_01_R_04.tiff,7,R,4,M,BAGO,extralight,10
003_01_R_05.tiff,7,R,5,M,BAGO,extralight,10
003_02_L_01.tiff,8,L,1,M,Court classic,,10.5
003_02_L_02.tiff,8,L,2,M,Court classic,,10.5
003_02_L_03.tiff,8,L,3,M,Court classic,,10.5
003_02_L_04.tiff,8,L,4,M,Court classic,,10.5
003_02_L_05.tiff,8,L,5,M,Court classic,,10.5
003_02_R_01.tiff,8,R,1,M,Court classic,,10.5
003_02_R_02.tiff,8,R,2,M,Court classic,,10.5
003_02_R_03.tiff,8,R,3,M,Court classic,,10.5
003_02_R_04.tiff,8,R,4,M,Court classic,,10.5
003_02_R_05.tiff,8,R,5,M,Court classic,,10.5
003_03_L_01.tiff,9,L,1,M,BASS,webster,10.5
003_03_L_02.tiff,9,L,2,M,BASS,webster,10.5
003_03_L_03.tiff,9,L,3,M,BASS,webster,10.5
003_03_L_04.tiff,9,L,4,M,BASS,webster,10.5
003_03_L_05.tiff,9,L,5,M,BASS,webster,10.5
003_03_R_01.tiff,9,R,1,M,BASS,webster,10.5
003_03_R_02.tiff,9,R,2,M,BASS,webster,10.5
003_03_R_03.tiff,9,R,3,M,BASS,webster,10.5
003_03_R_04.tiff,9,R,4,M,BASS,webster,10.5
003_03_R_05.tiff,9,R,5,M,BASS,webster,10.5
004_01_L_01.tiff,10,L,1,M,Nike,dual fusion ST2,9.5
004_01_L_02.tiff,10,L,2,M,Nike,dual fusion ST2,9.5
004_01_L_03.tiff,10,L,3,M,Nike,dual fusion ST2,9.5
004_01_L_04.tiff,10,L,4,M,Nike,dual fusion ST2,9.5
004_01_L_05.tiff,10,L,5,M,Nike,dual fusion ST2,9.5
004_01_R_01.tiff,10,R,1,M,Nike,dual fusion ST2,9.5
004_01_R_02.tiff,10,R,2,M,Nike,dual fusion ST2,9.5
004_01_R_03.tiff,10,R,3,M,Nike,dual fusion ST2,9.5
004_01_R_04.tiff,10,R,4,M,Nike,dual fusion ST2,9.5
004_01_R_05.tiff,10,R,5,M,Nike,dual fusion ST2,9.5
004_04_L_01.tiff,11,L,1,M,Asics,GT-2140,9.5
004_04_L_02.tiff,11,L,2,M,Asics,GT-2140,9.5
004_04_L_03.tiff,11,L,3,M,Asics,GT-2140,9.5
004_04_L_04.tiff,11,L,4,M,Asics,GT-2140,9.5
004_04_L_05.tiff,11,L,5,M,Asics,GT-2140,9.5
004_04_R_01.tiff,11,R,1,M,Asics,GT-2140,9.5
004_04_R_02.tiff,11,R,2,M,Asics,GT-2140,9.5
004_04_R_03.tiff,11,R,3,M,Asics,GT-2140,9.5
004_04_R_04.tiff,11,R,4,M,Asics,GT-2140,9.5
004_04_R_05.tiff,11,R,5,M,Asics,GT-2140,9.5
004_05_L_01.tiff,12,L,1,M,Asics,GT-2000,9.5
004_05_L_02.tiff,12,L,2,M,Asics,GT-2000,9.5
004_05_L_03.tiff,12,L,3,M,Asics,GT-2000,9.5
004_05_L_04.tiff,12,L,4,M,Asics,GT-2000,9.5
004_05_L_05.tiff,12,L,5,M,Asics,GT-2000,9.5
004_05_R_01.tiff,12,R,1,M,Asics,GT-2000,9.5
004_05_R_02.tiff,12,R,2,M,Asics,GT-2000,9.5
004_05_R_03.tiff,12,R,3,M,Asics,GT-2000,9.5
004_05_R_04.tiff,12,R,4,M,Asics,GT-2000,9.5
004_05_R_05.tiff,12,R,5,M,Asics,GT-2000,9.5
004_06_L_01.tiff,13,L,1,M,Asics,GEL-cumulus17,9.5
004_06_L_02.tiff,13,L,2,M,Asics,GEL-cumulus17,9.5
004_06_L_03.tiff,13,L,3,M,Asics,GEL-cumulus17,9.5
004_06_L_04.tiff,13,L,4,M,Asics,GEL-cumulus17,9.5
004_06_L_05.tiff,13,L,5,M,Asics,GEL-cumulus17,9.5
004_06_R_01.tiff,13,R,1,M,Asics,GEL-cumulus17,9.5
004_06_R_02.tiff,13,R,2,M,Asics,GEL-cumulus17,9.5
004_06_R_03.tiff,13,R,3,M,Asics,GEL-cumulus17,9.5
004_06_R_04.tiff,13,R,4,M,Asics,GEL-cumulus17,9.5
004_06_R_05.tiff,13,R,5,M,Asics,GEL-cumulus17,9.5
004_07_L_01.tiff,14,L,1,M,Asics,GEL-sonoma2,9.5
004_07_L_02.tiff,14,L,2,M,Asics,GEL-sonoma2,9.5
004_07_L_03.tiff,14,L,3,M,Asics,GEL-sonoma2,9.5
004_07_L_04.tiff,14,L,4,M,Asics,GEL-sonoma2,9.5
004_07_L_05.tiff,14,L,5,M,Asics,GEL-sonoma2,9.5
004_07_R_01.tiff,14,R,1,M,Asics,GEL-sonoma2,9.5
004_07_R_02.tiff,14,R,2,M,Asics,GEL-sonoma2,9.5
004_07_R_03.tiff,14,R,3,M,Asics,GEL-sonoma2,9.5
004_07_R_04.tiff,14,R,4,M,Asics,GEL-sonoma2,9.5
004_07_R_05.tiff,14,R,5,M,Asics,GEL-sonoma2,9.5
005_01_L_01.tiff,15,L,1,W,Shoedy,,7.5
005_01_L_02.tiff,15,L,2,W,Shoedy,,7.5
005_01_L_03.tiff,15,L,3,W,Shoedy,,7.5
005_01_L_04.tiff,15,L,4,W,Shoedy,,7.5
005_01_L_05.tiff,15,L,5,W,Shoedy,,7.5
005_01_R_01.tiff,15,R,1,W,Shoedy,,7.5
005_01_R_02.tiff,15,R,2,W,Shoedy,,7.5
005_01_R_03.tiff,15,R,3,W,Shoedy,,7.5
005_01_R_04.tiff,15,R,4,W,Shoedy,,7.5
005_01_R_05.tiff,15,R,5,W,Shoedy,,7.5
005_02_L_01.tiff,16,L,1,W,Prospecs,,5.5
005_02_L_02.tiff,16,L,2,W,Prospecs,,5.5
005_02_L_03.tiff,16,L,3,W,Prospecs,,5.5
005_02_L_04.tiff,16,L,4,W,Prospecs,,5.5
005_02_L_05.tiff,16,L,5,W,Prospecs,,5.5
005_02_R_01.tiff,16,R,1,W,Prospecs,,5.5
005_02_R_02.tiff,16,R,2,W,Prospecs,,5.5
005_02_R_03.tiff,16,R,3,W,Prospecs,,5.5
005_02_R_04.tiff,16,R,4,W,Prospecs,,5.5
005_02_R_05.tiff,16,R,5,W,Prospecs,,5.5
005_03_L_01.tiff,17,L,1,W,HeyBear,,6
005_03_L_02.tiff,17,L,2,W,HeyBear,,6
005_03_L_03.tiff,17,L,3,W,HeyBear,,6
005_03_L_04.tiff,17,L,4,W,HeyBear,,6
005_03_L_05.tiff,17,L,5,W,HeyBear,,6
005_03_R_01.tiff,17,R,1,W,HeyBear,,6
005_03_R_02.tiff,17,R,2,W,HeyBear,,6
005_03_R_03.tiff,17,R,3,W,HeyBear,,6
005_03_R_04.tiff,17,R,4,W,HeyBear,,6
005_03_R_05.tiff,17,R,5,W,HeyBear,,6
005_04_L_01.tiff,18,L,1,W,Nike,,7.5
005_04_L_02.tiff,18,L,2,W,Nike,,7.5
005_04_L_03.tiff,18,L,3,W,Nike,,7.5
005_04_L_04.tiff,18,L,4,W,Nike,,7.5
005_04_L_05.tiff,18,L,5,W,Nike,,7.5
005_04_R_01.tiff,18,R,1,W,Nike,,7.5
005_04_R_02.tiff,18,R,2,W,Nike,,7.5
005_04_R_03.tiff,18,R,3,W,Nike,,7.5
005_04_R_04.tiff,18,R,4,W,Nike,,7.5
005_04_R_05.tiff,18,R,5,W,Nike,,7.5
005_05_L_01.tiff,19,L,1,W,Robin,,7.5
005_05_L_02.tiff,19,L,2,W,Robin,,7.5
005_05_L_03.tiff,19,L,3,W,Robin,,7.5
005_05_L_04.tiff,19,L,4,W,Robin,,7.5
005_05_L_05.tiff,19,L,5,W,Robin,,7.5
005_05_R_01.tiff,19,R,1,W,Robin,,7.5
005_05_R_02.tiff,19,R,2,W,Robin,,7.5
005_05_R_03.tiff,19,R,3,W,Robin,,7.5
005_05_R_04.tiff,19,R,4,W,Robin,,7.5
005_05_R_05.tiff,19,R,5,W,Robin,,7.5
005_06_L_01.tiff,20,L,1,W,Skechers,,7
005_06_L_02.tiff,20,L,2,W,Skechers,,7
005_06_L_03.tiff,20,L,3,W,Skechers,,7
005_06_L_04.tiff,20,L,4,W,Skechers,,7
005_06_L_05.tiff,20,L,5,W,Skechers,,7
005_06_R_01.tiff,20,R,1,W,Skechers,,7
005_06_R_02.tiff,20,R,2,W,Skechers,,7
005_06_R_03.tiff,20,R,3,W,Skechers,,7
005_06_R_04.tiff,20,R,4,W,Skechers,,7
005_06_R_05.tiff,20,R,5,W,Skechers,,7
005_07_L_01.tiff,21,L,1,W,Ninewest,,7
005_07_L_02.tiff,21,L,2,W,Ninewest,,7
005_07_L_03.tiff,21,L,3,W,Ninewest,,7
005_07_L_04.tiff,21,L,4,W,Ninewest,,7
005_07_L_05.tiff,21,L,5,W,Ninewest,,7
005_07_R_01.tiff,21,R,1,W,Ninewest,,7
005_07_R_02.tiff,21,R,2,W,Ninewest,,7
005_07_R_03.tiff,21,R,3,W,Ninewest,,7
005_07_R_04.tiff,21,R,4,W,Ninewest,,7
005_07_R_05.tiff,21,R,5,W,Ninewest,,7
005_08_L_01.tiff,22,L,1,W,T2R,,7.5
005_08_L_02.tiff,22,L,2,W,T2R,,7.5
005_08_L_03.tiff,22,L,3,W,T2R,,7.5
005_08_L_04.tiff,22,L,4,W,T2R,,7.5
005_08_L_05.tiff,22,L,5,W,T2R,,7.5
005_08_R_01.tiff,22,R,1,W,T2R,,7.5
005_08_R_02.tiff,22,R,2,W,T2R,,7.5
005_08_R_03.tiff,22,R,3,W,T2R,,7.5
005_08_R_04.tiff,22,R,4,W,T2R,,7.5
005_08_R_05.tiff,22,R,5,W,T2R,,7.5
005_09_L_01.tiff,23,L,1,W,T2R,,8
005_09_L_02.tiff,23,L,2,W,T2R,,8
005_09_L_03.tiff,23,L,3,W,T2R,,8
005_09_L_04.tiff,23,L,4,W,T2R,,8
005_09_L_05.tiff,23,L,5,W,T2R,,8
005_09_R_01.tiff,23,R,1,W,T2R,,8
005_09_R_02.tiff,23,R,2,W,T2R,,8
005_09_R_03.tiff,23,R,3,W,T2R,,8
005_09_R_04.tiff,23,R,4,W,T2R,,8
005_09_R_05.tiff,23,R,5,W,T2R,,8
005_10_L_01.tiff,24,L,1,W,Cooeli,,8
005_10_L_02.tiff,24,L,2,W,Cooeli,,8
005_10_L_03.tiff,24,L,3,W,Cooeli,,8
005_10_L_04.tiff,24,L,4,W,Cooeli,,8
005_10_L_05.tiff,24,L,5,W,Cooeli,,8
005_10_R_01.tiff,24,R,1,W,Cooeli,,8
005_10_R_02.tiff,24,R,2,W,Cooeli,,8
005_10_R_03.tiff,24,R,3,W,Cooeli,,8
005_10_R_04.tiff,24,R,4,W,Cooeli,,8
005_10_R_05.tiff,24,R,5,W,Cooeli,,8
005_11_L_01.tiff,25,L,1,W,Nike,Winflow,8
005_11_L_02.tiff,25,L,2,W,Nike,Winflow,8
005_11_L_03.tiff,25,L,3,W,Nike,Winflow,8
005_11_L_04.tiff,25,L,4,W,Nike,Winflow,8
005_11_L_05.tiff,25,L,5,W,Nike,Winflow,8
005_11_R_01.tiff,25,R,1,W,Nike,Winflow,8
005_11_R_02.tiff,25,R,2,W,Nike,Winflow,8
005_11_R_03.tiff,25,R,3,W,Nike,Winflow,8
005_11_R_04.tiff,25,R,4,W,Nike,Winflow,8
005_11_R_05.tiff,25,R,5,W,Nike,Winflow,8
006_01_L_01.tiff,26,L,1,W,Columbus,,7
006_01_L_02.tiff,26,L,2,W,Columbus,,7
006_01_L_03.tiff,26,L,3,W,Columbus,,7
006_01_L_04.tiff,26,L,4,W,Columbus,,7
006_01_L_05.tiff,26,L,5,W,Columbus,,7
006_01_R_01.tiff,26,R,1,W,Columbus,,7
006_01_R_02.tiff,26,R,2,W,Columbus,,7
006_01_R_03.tiff,26,R,3,W,Columbus,,7
006_01_R_04.tiff,26,R,4,W,Columbus,,7
006_01_R_05.tiff,26,R,5,W,Columbus,,7
006_02_L_01.tiff,27,L,1,W,Asics,,7
006_02_L_02.tiff,27,L,2,W,Asics,,7
006_02_L_03.tiff,27,L,3,W,Asics,,7
006_02_L_04.tiff,27,L,4,W,Asics,,7
006_02_L_05.tiff,27,L,5,W,Asics,,7
006_02_R_01.tiff,27,R,1,W,Asics,,7
006_02_R_02.tiff,27,R,2,W,Asics,,7
006_02_R_03.tiff,27,R,3,W,Asics,,7
006_02_R_04.tiff,27,R,4,W,Asics,,7
006_02_R_05.tiff,27,R,5,W,Asics,,7
006_03_L_01.tiff,28,L,1,W,Nike,,7
006_03_L_02.tiff,28,L,2,W,Nike,,7
006_03_L_03.tiff,28,L,3,W,Nike,,7
006_03_L_04.tiff,28,L,4,W,Nike,,7
006_03_L_05.tiff,28,L,5,W,Nike,,7
006_03_R_01.tiff,28,R,1,W,Nike,,7
006_03_R_02.tiff,28,R,2,W,Nike,,7
006_03_R_03.tiff,28,R,3,W,Nike,,7
006_03_R_04.tiff,28,R,4,W,Nike,,7
006_03_R_05.tiff,28,R,5,W,Nike,,7
006_04_L_01.tiff,29,L,1,W,Adidas,,6
006_04_L_02.tiff,29,L,2,W,Adidas,,6
006_04_L_03.tiff,29,L,3,W,Adidas,,6
006_04_L_04.tiff,29,L,4,W,Adidas,,6
006_04_L_05.tiff,29,L,5,W,Adidas,,6
006_04_R_01.tiff,29,R,1,W,Adidas,,6
006_04_R_02.tiff,29,R,2,W,Adidas,,6
006_04_R_03.tiff,29,R,3,W,Adidas,,6
006_04_R_04.tiff,29,R,4,W,Adidas,,6
006_04_R_05.tiff,29,R,5,W,Adidas,,6
007_01_L_01.tiff,30,L,1,M,Adidas,,11
007_01_L_02.tiff,30,L,2,M,Adidas,,11
007_01_L_03.tiff,30,L,3,M,Adidas,,11
007_01_L_04.tiff,30,L,4,M,Adidas,,11
007_01_L_05.tiff,30,L,5,M,Adidas,,11
007_01_R_01.tiff,30,R,1,M,Adidas,,11
007_01_R_02.tiff,30,R,2,M,Adidas,,11
007_01_R_03.tiff,30,R,3,M,Adidas,,11
007_01_R_04.tiff,30,R,4,M,Adidas,,11
007_01_R_05.tiff,30,R,5,M,Adidas,,11
007_02_L_01.tiff,31,L,1,M,Nike,,11.5
007_02_L_02.tiff,31,L,2,M,Nike,,11.5
007_02_L_03.tiff,31,L,3,M,Nike,,11.5
007_02_L_04.tiff,31,L,4,M,Nike,,11.5
007_02_L_05.tiff,31,L,5,M,Nike,,11.5
007_02_R_01.tiff,31,R,1,M,Nike,,11.5
007_02_R_02.tiff,31,R,2,M,Nike,,11.5
007_02_R_03.tiff,31,R,3,M,Nike,,11.5
007_02_R_04.tiff,31,R,4,M,Nike,,11.5
007_02_R_05.tiff,31,R,5,M,Nike,,11.5
007_03_L_01.tiff,32,L,1,M,Nike,,11
007_03_L_02.tiff,32,L,2,M,Nike,,11
007_03_L_03.tiff,32,L,3,M,Nike,,11
007_03_L_04.tiff,32,L,4,M,Nike,,11
007_03_L_05.tiff,32,L,5,M,Nike,,11
007_03_R_01.tiff,32,R,1,M,Nike,,11
007_03_R_02.tiff,32,R,2,M,Nike,,11
007_03_R_03.tiff,32,R,3,M,Nike,,11
007_03_R_04.tiff,32,R,4,M,Nike,,11
007_03_R_05.tiff,32,R,5,M,Nike,,11
007_04_L_01.tiff,33,L,1,M,Asics,,11.5
007_04_L_02.tiff,33,L,2,M,Asics,,11.5
007_04_L_03.tiff,33,L,3,M,Asics,,11.5
007_04_L_04.tiff,33,L,4,M,Asics,,11.5
007_04_L_05.tiff,33,L,5,M,Asics,,11.5
007_04_R_01.tiff,33,R,1,M,Asics,,11.5
007_04_R_02.tiff,33,R,2,M,Asics,,11.5
007_04_R_03.tiff,33,R,3,M,Asics,,11.5
007_04_R_04.tiff,33,R,4,M,Asics,,11.5
007_04_R_05.tiff,33,R,5,M,Asics,,11.5
007_05_L_01.tiff,34,L,1,M,Nike,,11
007_05_L_02.tiff,34,L,2,M,Nike,,11
007_05_L_03.tiff,34,L,3,M,Nike,,11
007_05_L_04.tiff,34,L,4,M,Nike,,11
007_05_L_05.tiff,34,L,5,M,Nike,,11
007_05_R_01.tiff,34,R,1,M,Nike,,11
007_05_R_02.tiff,34,R,2,M,Nike,,11
007_05_R_03.tiff,34,R,3,M,Nike,,11
007_05_R_04.tiff,34,R,4,M,Nike,,11
007_05_R_05.tiff,34,R,5,M,Nike,,11
007_06_L_01.tiff,35,L,1,M,Newbalance,,11
007_06_L_02.tiff,35,L,2,M,Newbalance,,11
007_06_L_03.tiff,35,L,3,M,Newbalance,,11
007_06_L_04.tiff,35,L,4,M,Newbalance,,11
007_06_L_05.tiff,35,L,5,M,Newbalance,,11
007_06_R_01.tiff,35,R,1,M,Newbalance,,11
007_06_R_02.tiff,35,R,2,M,Newbalance,,11
007_06_R_03.tiff,35,R,3,M,Newbalance,,11
007_06_R_04.tiff,35,R,4,M,Newbalance,,11
007_06_R_05.tiff,35,R,5,M,Newbalance,,11
008_01_L_01.tiff,36,L,1,M,Skechers,,9.5
008_01_L_02.tiff,36,L,2,M,Skechers,,9.5
008_01_L_03.tiff,36,L,3,M,Skechers,,9.5
008_01_L_04.tiff,36,L,4,M,Skechers,,9.5
008_01_L_05.tiff,36,L,5,M,Skechers,,9.5
008_01_R_01.tiff,36,R,1,M,Skechers,,9.5
008_01_R_02.tiff,36,R,2,M,Skechers,,9.5
008_01_R_03.tiff,36,R,3,M,Skechers,,9.5
008_01_R_04.tiff,36,R,4,M,Skechers,,9.5
008_01_R_05.tiff,36,R,5,M,Skechers,,9.5
008_02_L_01.tiff,37,L,1,M,Dockers,,10
008_02_L_02.tiff,37,L,2,M,Dockers,,10
008_02_L_03.tiff,37,L,3,M,Dockers,,10
008_02_L_04.tiff,37,L,4,M,Dockers,,10
008_02_L_05.tiff,37,L,5,M,Dockers,,10
008_02_R_01.tiff,37,R,1,M,Dockers,,10
008_02_R_02.tiff,37,R,2,M,Dockers,,10
008_02_R_03.tiff,37,R,3,M,Dockers,,10
008_02_R_04.tiff,37,R,4,M,Dockers,,10
008_02_R_05.tiff,37,R,5,M,Dockers,,10
008_03_L_01.tiff,38,L,1,M,Deer Stags,,10
008_03_L_02.tiff,38,L,2,M,Deer Stags,,10
008_03_L_03.tiff,38,L,3,M,Deer Stags,,10
008_03_L_04.tiff,38,L,4,M,Deer Stags,,10
008_03_L_05.tiff,38,L,5,M,Deer Stags,,10
008_03_R_01.tiff,38,R,1,M,Deer Stags,,10
008_03_R_02.tiff,38,R,2,M,Deer Stags,,10
008_03_R_03.tiff,38,R,3,M,Deer Stags,,10
008_03_R_04.tiff,38,R,4,M,Deer Stags,,10
008_03_R_05.tiff,38,R,5,M,Deer Stags,,10
008_04_L_01.tiff,39,L,1,M,Nike,Revolution 2,10
008_04_L_02.tiff,39,L,2,M,Nike,Revolution 2,10
008_04_L_03.tiff,39,L,3,M,Nike,Revolution 2,10
008_04_L_04.tiff,39,L,4,M,Nike,Revolution 2,10
008_04_L_05.tiff,39,L,5,M,Nike,Revolution 2,10
008_04_R_01.tiff,39,R,1,M,Nike,Revolution 2,10
008_04_R_02.tiff,39,R,2,M,Nike,Revolution 2,10
008_04_R_03.tiff,39,R,3,M,Nike,Revolution 2,10
008_04_R_04.tiff,39,R,4,M,Nike,Revolution 2,10
008_04_R_05.tiff,39,R,5,M,Nike,Revolution 2,10
008_05_L_01.tiff,40,L,1,M,Keen ,Daytona Sandal,10
008_05_L_02.tiff,40,L,2,M,Keen ,Daytona Sandal,10
008_05_L_03.tiff,40,L,3,M,Keen ,Daytona Sandal,10
008_05_L_04.tiff,40,L,4,M,Keen ,Daytona Sandal,10
008_05_L_05.tiff,40,L,5,M,Keen ,Daytona Sandal,10
008_05_R_01.tiff,40,R,1,M,Keen ,Daytona Sandal,10
008_05_R_02.tiff,40,R,2,M,Keen ,Daytona Sandal,10
008_05_R_03.tiff,40,R,3,M,Keen ,Daytona Sandal,10
008_05_R_04.tiff,40,R,4,M,Keen ,Daytona Sandal,10
008_05_R_05.tiff,40,R,5,M,Keen ,Daytona Sandal,10
008_06_L_01.tiff,41,L,1,M,Skechers,,10
008_06_L_02.tiff,41,L,2,M,Skechers,,10
008_06_L_03.tiff,41,L,3,M,Skechers,,10
008_06_L_04.tiff,41,L,4,M,Skechers,,10
008_06_L_05.tiff,41,L,5,M,Skechers,,10
008_06_R_01.tiff,41,R,1,M,Skechers,,10
008_06_R_02.tiff,41,R,2,M,Skechers,,10
008_06_R_03.tiff,41,R,3,M,Skechers,,10
008_06_R_04.tiff,41,R,4,M,Skechers,,10
008_06_R_05.tiff,41,R,5,M,Skechers,,10
009_01_L_01.tiff,42,L,1,W,Nike,zoom,10.5
009_01_L_02.tiff,42,L,2,W,Nike,zoom,10.5
009_01_L_03.tiff,42,L,3,W,Nike,zoom,10.5
009_01_L_04.tiff,42,L,4,W,Nike,zoom,10.5
009_01_L_05.tiff,42,L,5,W,Nike,zoom,10.5
009_01_R_01.tiff,42,R,1,W,Nike,zoom,10.5
009_01_R_02.tiff,42,R,2,W,Nike,zoom,10.5
009_01_R_03.tiff,42,R,3,W,Nike,zoom,10.5
009_01_R_04.tiff,42,R,4,W,Nike,zoom,10.5
009_01_R_05.tiff,42,R,5,W,Nike,zoom,10.5
009_02_L_01.tiff,43,L,1,W,Asics,Ahar,10
009_02_L_02.tiff,43,L,2,W,Asics,Ahar,10
009_02_L_03.tiff,43,L,3,W,Asics,Ahar,10
009_02_L_04.tiff,43,L,4,W,Asics,Ahar,10
009_02_L_05.tiff,43,L,5,W,Asics,Ahar,10
009_02_R_01.tiff,43,R,1,W,Asics,Ahar,10
009_02_R_02.tiff,43,R,2,W,Asics,Ahar,10
009_02_R_03.tiff,43,R,3,W,Asics,Ahar,10
009_02_R_04.tiff,43,R,4,W,Asics,Ahar,10
009_02_R_05.tiff,43,R,5,W,Asics,Ahar,10
009_03_L_01.tiff,44,L,1,W,Converse,pink,10
009_03_L_02.tiff,44,L,2,W,Converse,pink,10
009_03_L_03.tiff,44,L,3,W,Converse,pink,10
009_03_L_04.tiff,44,L,4,W,Converse,pink,10
009_03_L_05.tiff,44,L,5,W,Converse,pink,10
009_03_R_01.tiff,44,R,1,W,Converse,pink,10
009_03_R_02.tiff,44,R,2,W,Converse,pink,10
009_03_R_03.tiff,44,R,3,W,Converse,pink,10
009_03_R_04.tiff,44,R,4,W,Converse,pink,10
009_03_R_05.tiff,44,R,5,W,Converse,pink,10
009_04_L_01.tiff,45,L,1,W,Converse,black,10
009_04_L_02.tiff,45,L,2,W,Converse,black,10
009_04_L_03.tiff,45,L,3,W,Converse,black,10
009_04_L_04.tiff,45,L,4,W,Converse,black,10
009_04_L_05.tiff,45,L,5,W,Converse,black,10
009_04_R_01.tiff,45,R,1,W,Converse,black,10
009_04_R_02.tiff,45,R,2,W,Converse,black,10
009_04_R_03.tiff,45,R,3,W,Converse,black,10
009_04_R_04.tiff,45,R,4,W,Converse,black,10
009_04_R_05.tiff,45,R,5,W,Converse,black,10
009_05_L_01.tiff,46,L,1,W,Converse,circle-patterns and white background,10
009_05_L_02.tiff,46,L,2,W,Converse,circle-patterns and white background,10
009_05_L_03.tiff,46,L,3,W,Converse,circle-patterns and white background,10
009_05_L_04.tiff,46,L,4,W,Converse,circle-patterns and white background,10
009_05_L_05.tiff,46,L,5,W,Converse,circle-patterns and white background,10
009_05_R_01.tiff,46,R,1,W,Converse,circle-patterns and white background,10
009_05_R_02.tiff,46,R,2,W,Converse,circle-patterns and white background,10
009_05_R_03.tiff,46,R,3,W,Converse,circle-patterns and white background,10
009_05_R_04.tiff,46,R,4,W,Converse,circle-patterns and white background,10
009_05_R_05.tiff,46,R,5,W,Converse,circle-patterns and white background,10
009_06_L_01.tiff,47,L,1,W,Converse,red,10
009_06_L_02.tiff,47,L,2,W,Converse,red,10
009_06_L_03.tiff,47,L,3,W,Converse,red,10
009_06_L_04.tiff,47,L,4,W,Converse,red,10
009_06_L_05.tiff,47,L,5,W,Converse,red,10
009_06_R_01.tiff,47,R,1,W,Converse,red,10
009_06_R_02.tiff,47,R,2,W,Converse,red,10
009_06_R_03.tiff,47,R,3,W,Converse,red,10
009_06_R_04.tiff,47,R,4,W,Converse,red,10
009_06_R_05.tiff,47,R,5,W,Converse,red,10
009_07_L_01.tiff,48,L,1,W,Truesoft,,11
009_07_L_02.tiff,48,L,2,W,Truesoft,,11
009_07_L_03.tiff,48,L,3,W,Truesoft,,11
009_07_L_04.tiff,48,L,4,W,Truesoft,,11
009_07_L_05.tiff,48,L,5,W,Truesoft,,11
009_07_R_01.tiff,48,R,1,W,Truesoft,,11
009_07_R_02.tiff,48,R,2,W,Truesoft,,11
009_07_R_03.tiff,48,R,3,W,Truesoft,,11
009_07_R_04.tiff,48,R,4,W,Truesoft,,11
009_07_R_05.tiff,48,R,5,W,Truesoft,,11
009_08_L_01.tiff,49,L,1,W,Asics,S563N,10
009_08_L_02.tiff,49,L,2,W,Asics,S563N,10
009_08_L_03.tiff,49,L,3,W,Asics,S563N,10
009_08_L_04.tiff,49,L,4,W,Asics,S563N,10
009_08_L_05.tiff,49,L,5,W,Asics,S563N,10
009_08_R_01.tiff,49,R,1,W,Asics,S563N,10
009_08_R_02.tiff,49,R,2,W,Asics,S563N,10
009_08_R_03.tiff,49,R,3,W,Asics,S563N,10
009_08_R_04.tiff,49,R,4,W,Asics,S563N,10
009_08_R_05.tiff,49,R,5,W,Asics,S563N,10
009_09_L_01.tiff,50,L,1,W,Newbalance,470 v2,10
009_09_L_02.tiff,50,L,2,W,Newbalance,470 v2,10
009_09_L_03.tiff,50,L,3,W,Newbalance,470 v2,10
009_09_L_04.tiff,50,L,4,W,Newbalance,470 v2,10
009_09_L_05.tiff,50,L,5,W,Newbalance,470 v2,10
009_09_R_01.tiff,50,R,1,W,Newbalance,470 v2,10
009_09_R_02.tiff,50,R,2,W,Newbalance,470 v2,10
009_09_R_03.tiff,50,R,3,W,Newbalance,470 v2,10
009_09_R_04.tiff,50,R,4,W,Newbalance,470 v2,10
009_09_R_05.tiff,50,R,5,W,Newbalance,470 v2,10
009_10_L_01.tiff,51,L,1,W,Sperry,,10
009_10_L_02.tiff,51,L,2,W,Sperry,,10
009_10_L_03.tiff,51,L,3,W,Sperry,,10
009_10_L_04.tiff,51,L,4,W,Sperry,,10
009_10_L_05.tiff,51,L,5,W,Sperry,,10
009_10_R_01.tiff,51,R,1,W,Sperry,,10
009_10_R_02.tiff,51,R,2,W,Sperry,,10
009_10_R_03.tiff,51,R,3,W,Sperry,,10
009_10_R_04.tiff,51,R,4,W,Sperry,,10
009_10_R_05.tiff,51,R,5,W,Sperry,,10
009_11_L_01.tiff,52,L,1,W,Sperry,,10
009_11_L_02.tiff,52,L,2,W,Sperry,,10
009_11_L_03.tiff,52,L,3,W,Sperry,,10
009_11_L_04.tiff,52,L,4,W,Sperry,,10
009_11_L_05.tiff,52,L,5,W,Sperry,,10
009_11_R_01.tiff,52,R,1,W,Sperry,,10
009_11_R_02.tiff,52,R,2,W,Sperry,,10
009_11_R_03.tiff,52,R,3,W,Sperry,,10
009_11_R_04.tiff,52,R,4,W,Sperry,,10
009_11_R_05.tiff,52,R,5,W,Sperry,,10
009_12_L_01.tiff,53,L,1,W,Sugar,,10
009_12_L_02.tiff,53,L,2,W,Sugar,,10
009_12_L_03.tiff,53,L,3,W,Sugar,,10
009_12_L_04.tiff,53,L,4,W,Sugar,,10
009_12_L_05.tiff,53,L,5,W,Sugar,,10
009_12_R_01.tiff,53,R,1,W,Sugar,,10
009_12_R_02.tiff,53,R,2,W,Sugar,,10
009_12_R_03.tiff,53,R,3,W,Sugar,,10
009_12_R_04.tiff,53,R,4,W,Sugar,,10
009_12_R_05.tiff,53,R,5,W,Sugar,,10
010_01_L_01.tiff,54,L,1,M,Skechers,,12
010_01_L_02.tiff,54,L,2,M,Skechers,,12
010_01_L_03.tiff,54,L,3,M,Skechers,,12
010_01_L_04.tiff,54,L,4,M,Skechers,,12
010_01_L_05.tiff,54,L,5,M,Skechers,,12
010_01_R_01.tiff,54,R,1,M,Skechers,,12
010_01_R_02.tiff,54,R,2,M,Skechers,,12
010_01_R_03.tiff,54,R,3,M,Skechers,,12
010_01_R_04.tiff,54,R,4,M,Skechers,,12
010_01_R_05.tiff,54,R,5,M,Skechers,,12
010_02_L_01.tiff,55,L,1,M,Skechers,,12
010_02_L_02.tiff,55,L,2,M,Skechers,,12
010_02_L_03.tiff,55,L,3,M,Skechers,,12
010_02_L_04.tiff,55,L,4,M,Skechers,,12
010_02_L_05.tiff,55,L,5,M,Skechers,,12
010_02_R_01.tiff,55,R,1,M,Skechers,,12
010_02_R_02.tiff,55,R,2,M,Skechers,,12
010_02_R_03.tiff,55,R,3,M,Skechers,,12
010_02_R_04.tiff,55,R,4,M,Skechers,,12
010_02_R_05.tiff,55,R,5,M,Skechers,,12
010_03_L_01.tiff,56,L,1,M,Adidas,,12
010_03_L_02.tiff,56,L,2,M,Adidas,,12
010_03_L_03.tiff,56,L,3,M,Adidas,,12
010_03_L_04.tiff,56,L,4,M,Adidas,,12
010_03_L_05.tiff,56,L,5,M,Adidas,,12
010_03_R_01.tiff,56,R,1,M,Adidas,,12
010_03_R_02.tiff,56,R,2,M,Adidas,,12
010_03_R_03.tiff,56,R,3,M,Adidas,,12
010_03_R_04.tiff,56,R,4,M,Adidas,,12
010_03_R_05.tiff,56,R,5,M,Adidas,,12
011_01_L_01.tiff,57,L,1,M,Adidas,,11.5
011_01_L_02.tiff,57,L,2,M,Adidas,,11.5
011_01_L_03.tiff,57,L,3,M,Adidas,,11.5
011_01_L_04.tiff,57,L,4,M,Adidas,,11.5
011_01_L_05.tiff,57,L,5,M,Adidas,,11.5
011_01_R_01.tiff,57,R,1,M,Adidas,,11.5
011_01_R_02.tiff,57,R,2,M,Adidas,,11.5
011_01_R_03.tiff,57,R,3,M,Adidas,,11.5
011_01_R_04.tiff,57,R,4,M,Adidas,,11.5
011_01_R_05.tiff,57,R,5,M,Adidas,,11.5
011_02_L_01.tiff,58,L,1,M,None,,12
011_02_L_02.tiff,58,L,2,M,None,,12
011_02_L_03.tiff,58,L,3,M,None,,12
011_02_L_04.tiff,58,L,4,M,None,,12
011_02_L_05.tiff,58,L,5,M,None,,12
011_02_R_01.tiff,58,R,1,M,None,,12
011_02_R_02.tiff,58,R,2,M,None,,12
011_02_R_03.tiff,58,R,3,M,None,,12
011_02_R_04.tiff,58,R,4,M,None,,12
011_02_R_05.tiff,58,R,5,M,None,,12
011_03_L_01.tiff,59,L,1,M,Adidas,,10
011_03_L_02.tiff,59,L,2,M,Adidas,,10
011_03_L_03.tiff,59,L,3,M,Adidas,,10
011_03_L_04.tiff,59,L,4,M,Adidas,,10
011_03_L_05.tiff,59,L,5,M,Adidas,,10
011_03_R_01.tiff,59,R,1,M,Adidas,,10
011_03_R_02.tiff,59,R,2,M,Adidas,,10
011_03_R_03.tiff,59,R,3,M,Adidas,,10
011_03_R_04.tiff,59,R,4,M,Adidas,,10
011_03_R_05.tiff,59,R,5,M,Adidas,,10
011_04_L_01.tiff,60,L,1,M,Adidas,,10
011_04_L_02.tiff,60,L,2,M,Adidas,,10
011_04_L_03.tiff,60,L,3,M,Adidas,,10
011_04_L_04.tiff,60,L,4,M,Adidas,,10
011_04_L_05.tiff,60,L,5,M,Adidas,,10
011_04_R_01.tiff,60,R,1,M,Adidas,,10
011_04_R_02.tiff,60,R,2,M,Adidas,,10
011_04_R_03.tiff,60,R,3,M,Adidas,,10
011_04_R_04.tiff,60,R,4,M,Adidas,,10
011_04_R_05.tiff,60,R,5,M,Adidas,,10
011_05_L_01.tiff,61,L,1,M,Nike,,11.5
011_05_L_02.tiff,61,L,2,M,Nike,,11.5
011_05_L_03.tiff,61,L,3,M,Nike,,11.5
011_05_L_04.tiff,61,L,4,M,Nike,,11.5
011_05_L_05.tiff,61,L,5,M,Nike,,11.5
011_05_R_01.tiff,61,R,1,M,Nike,,11.5
011_05_R_02.tiff,61,R,2,M,Nike,,11.5
011_05_R_03.tiff,61,R,3,M,Nike,,11.5
011_05_R_04.tiff,61,R,4,M,Nike,,11.5
011_05_R_05.tiff,61,R,5,M,Nike,,11.5
011_06_L_01.tiff,62,L,1,M,Vans,,10
011_06_L_02.tiff,62,L,2,M,Vans,,10
011_06_L_03.tiff,62,L,3,M,Vans,,10
011_06_L_04.tiff,62,L,4,M,Vans,,10
011_06_L_05.tiff,62,L,5,M,Vans,,10
011_06_R_01.tiff,62,R,1,M,Vans,,10
011_06_R_02.tiff,62,R,2,M,Vans,,10
011_06_R_03.tiff,62,R,3,M,Vans,,10
011_06_R_04.tiff,62,R,4,M,Vans,,10
011_06_R_05.tiff,62,R,5,M,Vans,,10
011_07_L_01.tiff,63,L,1,M,Airspeed,,10
011_07_L_02.tiff,63,L,2,M,Airspeed,,10
011_07_L_03.tiff,63,L,3,M,Airspeed,,10
011_07_L_04.tiff,63,L,4,M,Airspeed,,10
011_07_L_05.tiff,63,L,5,M,Airspeed,,10
011_07_R_01.tiff,63,R,1,M,Airspeed,,10
011_07_R_02.tiff,63,R,2,M,Airspeed,,10
011_07_R_03.tiff,63,R,3,M,Airspeed,,10
011_07_R_04.tiff,63,R,4,M,Airspeed,,10
011_07_R_05.tiff,63,R,5,M,Airspeed,,10
012_01_L_01.tiff,64,L,1,M,Sorel,,7.5
012_01_L_02.tiff,64,L,2,M,Sorel,,7.5
012_01_L_03.tiff,64,L,3,M,Sorel,,7.5
012_01_L_04.tiff,64,L,4,M,Sorel,,7.5
012_01_L_05.tiff,64,L,5,M,Sorel,,7.5
012_01_R_01.tiff,64,R,1,M,Sorel,,7.5
012_01_R_02.tiff,64,R,2,M,Sorel,,7.5
012_01_R_03.tiff,64,R,3,M,Sorel,,7.5
012_01_R_04.tiff,64,R,4,M,Sorel,,7.5
012_01_R_05.tiff,64,R,5,M,Sorel,,7.5
012_02_L_01.tiff,65,L,1,M,Sorel,,8
012_02_L_02.tiff,65,L,2,M,Sorel,,8
012_02_L_03.tiff,65,L,3,M,Sorel,,8
012_02_L_04.tiff,65,L,4,M,Sorel,,8
012_02_L_05.tiff,65,L,5,M,Sorel,,8
012_02_R_01.tiff,65,R,1,M,Sorel,,8
012_02_R_02.tiff,65,R,2,M,Sorel,,8
012_02_R_03.tiff,65,R,3,M,Sorel,,8
012_02_R_04.tiff,65,R,4,M,Sorel,,8
012_02_R_05.tiff,65,R,5,M,Sorel,,8
012_03_L_01.tiff,66,L,1,M,Aldo,,7.5
012_03_L_02.tiff,66,L,2,M,Aldo,,7.5
012_03_L_03.tiff,66,L,3,M,Aldo,,7.5
012_03_L_04.tiff,66,L,4,M,Aldo,,7.5
012_03_L_05.tiff,66,L,5,M,Aldo,,7.5
012_03_R_01.tiff,66,R,1,M,Aldo,,7.5
012_03_R_02.tiff,66,R,2,M,Aldo,,7.5
012_03_R_03.tiff,66,R,3,M,Aldo,,7.5
012_03_R_04.tiff,66,R,4,M,Aldo,,7.5
012_03_R_05.tiff,66,R,5,M,Aldo,,7.5
012_04_L_01.tiff,67,L,1,M,Prospecs,,8
012_04_L_02.tiff,67,L,2,M,Prospecs,,8
012_04_L_03.tiff,67,L,3,M,Prospecs,,8
012_04_L_04.tiff,67,L,4,M,Prospecs,,8
012_04_L_05.tiff,67,L,5,M,Prospecs,,8
012_04_R_01.tiff,67,R,1,M,Prospecs,,8
012_04_R_02.tiff,67,R,2,M,Prospecs,,8
012_04_R_03.tiff,67,R,3,M,Prospecs,,8
012_04_R_04.tiff,67,R,4,M,Prospecs,,8
012_04_R_05.tiff,67,R,5,M,Prospecs,,8
012_05_L_01.tiff,68,L,1,M,Namuhana,,7.5
012_05_L_02.tiff,68,L,2,M,Namuhana,,7.5
012_05_L_03.tiff,68,L,3,M,Namuhana,,7.5
012_05_L_04.tiff,68,L,4,M,Namuhana,,7.5
012_05_L_05.tiff,68,L,5,M,Namuhana,,7.5
012_05_R_01.tiff,68,R,1,M,Namuhana,,7.5
012_05_R_02.tiff,68,R,2,M,Namuhana,,7.5
012_05_R_03.tiff,68,R,3,M,Namuhana,,7.5
012_05_R_04.tiff,68,R,4,M,Namuhana,,7.5
012_05_R_05.tiff,68,R,5,M,Namuhana,,7.5
012_06_L_01.tiff,69,L,1,M,Adidas,,7
012_06_L_02.tiff,69,L,2,M,Adidas,,7
012_06_L_03.tiff,69,L,3,M,Adidas,,7
012_06_L_04.tiff,69,L,4,M,Adidas,,7
012_06_L_05.tiff,69,L,5,M,Adidas,,7
012_06_R_01.tiff,69,R,1,M,Adidas,,7
012_06_R_02.tiff,69,R,2,M,Adidas,,7
012_06_R_03.tiff,69,R,3,M,Adidas,,7
012_06_R_04.tiff,69,R,4,M,Adidas,,7
012_06_R_05.tiff,69,R,5,M,Adidas,,7
012_07_L_01.tiff,70,L,1,M,Puma,,7.5
012_07_L_02.tiff,70,L,2,M,Puma,,7.5
012_07_L_03.tiff,70,L,3,M,Puma,,7.5
012_07_L_04.tiff,70,L,4,M,Puma,,7.5
012_07_L_05.tiff,70,L,5,M,Puma,,7.5
012_07_R_01.tiff,70,R,1,M,Puma,,7.5
012_07_R_02.tiff,70,R,2,M,Puma,,7.5
012_07_R_03.tiff,70,R,3,M,Puma,,7.5
012_07_R_04.tiff,70,R,4,M,Puma,,7.5
012_07_R_05.tiff,70,R,5,M,Puma,,7.5
012_08_L_01.tiff,71,L,1,M,Adidas,,7.5
012_08_L_02.tiff,71,L,2,M,Adidas,,7.5
012_08_L_03.tiff,71,L,3,M,Adidas,,7.5
012_08_L_04.tiff,71,L,4,M,Adidas,,7.5
012_08_L_05.tiff,71,L,5,M,Adidas,,7.5
012_08_R_01.tiff,71,R,1,M,Adidas,,7.5
012_08_R_02.tiff,71,R,2,M,Adidas,,7.5
012_08_R_03.tiff,71,R,3,M,Adidas,,7.5
012_08_R_04.tiff,71,R,4,M,Adidas,,7.5
012_08_R_05.tiff,71,R,5,M,Adidas,,7.5
012_09_L_01.tiff,72,L,1,M,CalvinKlain,,7
012_09_L_02.tiff,72,L,2,M,CalvinKlain,,7
012_09_L_03.tiff,72,L,3,M,CalvinKlain,,7
012_09_L_04.tiff,72,L,4,M,CalvinKlain,,7
012_09_L_05.tiff,72,L,5,M,CalvinKlain,,7
012_09_R_01.tiff,72,R,1,M,CalvinKlain,,7
012_09_R_02.tiff,72,R,2,M,CalvinKlain,,7
012_09_R_03.tiff,72,R,3,M,CalvinKlain,,7
012_09_R_04.tiff,72,R,4,M,CalvinKlain,,7
012_09_R_05.tiff,72,R,5,M,CalvinKlain,,7
012_10_L_01.tiff,73,L,1,M,Teva,,7
012_10_L_02.tiff,73,L,2,M,Teva,,7
012_10_L_03.tiff,73,L,3,M,Teva,,7
012_10_L_04.tiff,73,L,4,M,Teva,,7
012_10_L_05.tiff,73,L,5,M,Teva,,7
012_10_R_01.tiff,73,R,1,M,Teva,,7
012_10_R_02.tiff,73,R,2,M,Teva,,7
012_10_R_03.tiff,73,R,3,M,Teva,,7
012_10_R_04.tiff,73,R,4,M,Teva,,7
012_10_R_05.tiff,73,R,5,M,Teva,,7
013_01_L_01.tiff,74,L,1,W,Newbalance,,7
013_01_L_02.tiff,74,L,2,W,Newbalance,,7
013_01_L_03.tiff,74,L,3,W,Newbalance,,7
013_01_L_04.tiff,74,L,4,W,Newbalance,,7
013_01_L_05.tiff,74,L,5,W,Newbalance,,7
013_01_R_01.tiff,74,R,1,W,Newbalance,,7
013_01_R_02.tiff,74,R,2,W,Newbalance,,7
013_01_R_03.tiff,74,R,3,W,Newbalance,,7
013_01_R_04.tiff,74,R,4,W,Newbalance,,7
013_01_R_05.tiff,74,R,5,W,Newbalance,,7
013_02_L_01.tiff,75,L,1,W,Fila,,7
013_02_L_02.tiff,75,L,2,W,Fila,,7
013_02_L_03.tiff,75,L,3,W,Fila,,7
013_02_L_04.tiff,75,L,4,W,Fila,,7
013_02_L_05.tiff,75,L,5,W,Fila,,7
013_02_R_01.tiff,75,R,1,W,Fila,,7
013_02_R_02.tiff,75,R,2,W,Fila,,7
013_02_R_03.tiff,75,R,3,W,Fila,,7
013_02_R_04.tiff,75,R,4,W,Fila,,7
013_02_R_05.tiff,75,R,5,W,Fila,,7
013_03_L_01.tiff,76,L,1,W,Birkenstock,,7
013_03_L_02.tiff,76,L,2,W,Birkenstock,,7
013_03_L_03.tiff,76,L,3,W,Birkenstock,,7
013_03_L_04.tiff,76,L,4,W,Birkenstock,,7
013_03_L_05.tiff,76,L,5,W,Birkenstock,,7
013_03_R_01.tiff,76,R,1,W,Birkenstock,,7
013_03_R_02.tiff,76,R,2,W,Birkenstock,,7
013_03_R_03.tiff,76,R,3,W,Birkenstock,,7
013_03_R_04.tiff,76,R,4,W,Birkenstock,,7
013_03_R_05.tiff,76,R,5,W,Birkenstock,,7
014_01_L_01.tiff,77,L,1,W,Shoopen,,8
014_01_L_02.tiff,77,L,2,W,Shoopen,,8
014_01_L_03.tiff,77,L,3,W,Shoopen,,8
014_01_L_04.tiff,77,L,4,W,Shoopen,,8
014_01_L_05.tiff,77,L,5,W,Shoopen,,8
014_01_R_01.tiff,77,R,1,W,Shoopen,,8
014_01_R_02.tiff,77,R,2,W,Shoopen,,8
014_01_R_03.tiff,77,R,3,W,Shoopen,,8
014_01_R_04.tiff,77,R,4,W,Shoopen,,8
014_01_R_05.tiff,77,R,5,W,Shoopen,,8
014_02_L_01.tiff,78,L,1,W,Shoopen,,7
014_02_L_02.tiff,78,L,2,W,Shoopen,,7
014_02_L_03.tiff,78,L,3,W,Shoopen,,7
014_02_L_04.tiff,78,L,4,W,Shoopen,,7
014_02_L_05.tiff,78,L,5,W,Shoopen,,7
014_02_R_01.tiff,78,R,1,W,Shoopen,,7
014_02_R_02.tiff,78,R,2,W,Shoopen,,7
014_02_R_03.tiff,78,R,3,W,Shoopen,,7
014_02_R_04.tiff,78,R,4,W,Shoopen,,7
014_02_R_05.tiff,78,R,5,W,Shoopen,,7
014_03_L_01.tiff,79,L,1,W,Shoopen,,7
014_03_L_02.tiff,79,L,2,W,Shoopen,,7
014_03_L_03.tiff,79,L,3,W,Shoopen,,7
014_03_L_04.tiff,79,L,4,W,Shoopen,,7
014_03_L_05.tiff,79,L,5,W,Shoopen,,7
014_03_R_01.tiff,79,R,1,W,Shoopen,,7
014_03_R_02.tiff,79,R,2,W,Shoopen,,7
014_03_R_03.tiff,79,R,3,W,Shoopen,,7
014_03_R_04.tiff,79,R,4,W,Shoopen,,7
014_03_R_05.tiff,79,R,5,W,Shoopen,,7
015_01_L_01.tiff,80,L,1,M,Asics,,10
015_01_L_02.tiff,80,L,2,M,Asics,,10
015_01_L_03.tiff,80,L,3,M,Asics,,10
015_01_L_04.tiff,80,L,4,M,Asics,,10
015_01_L_05.tiff,80,L,5,M,Asics,,10
015_01_R_01.tiff,80,R,1,M,Asics,,10
015_01_R_02.tiff,80,R,2,M,Asics,,10
015_01_R_03.tiff,80,R,3,M,Asics,,10
015_01_R_04.tiff,80,R,4,M,Asics,,10
015_01_R_05.tiff,80,R,5,M,Asics,,10
015_02_L_01.tiff,81,L,1,M,Adidas,,9.5
015_02_L_02.tiff,81,L,2,M,Adidas,,9.5
015_02_L_03.tiff,81,L,3,M,Adidas,,9.5
015_02_L_04.tiff,81,L,4,M,Adidas,,9.5
015_02_L_05.tiff,81,L,5,M,Adidas,,9.5
015_02_R_01.tiff,81,R,1,M,Adidas,,9.5
015_02_R_02.tiff,81,R,2,M,Adidas,,9.5
015_02_R_03.tiff,81,R,3,M,Adidas,,9.5
015_02_R_04.tiff,81,R,4,M,Adidas,,9.5
015_02_R_05.tiff,81,R,5,M,Adidas,,9.5
015_03_L_01.tiff,82,L,1,M,Yonex,,9
015_03_L_02.tiff,82,L,2,M,Yonex,,9
015_03_L_03.tiff,82,L,3,M,Yonex,,9
015_03_L_04.tiff,82,L,4,M,Yonex,,9
015_03_L_05.tiff,82,L,5,M,Yonex,,9
015_03_R_01.tiff,82,R,1,M,Yonex,,9
015_03_R_02.tiff,82,R,2,M,Yonex,,9
015_03_R_03.tiff,82,R,3,M,Yonex,,9
015_03_R_04.tiff,82,R,4,M,Yonex,,9
015_03_R_05.tiff,82,R,5,M,Yonex,,9
016_01_L_01.tiff,83,L,1,W,Nike,,7.5
016_01_L_02.tiff,83,L,2,W,Nike,,7.5
016_01_L_03.tiff,83,L,3,W,Nike,,7.5
016_01_L_04.tiff,83,L,4,W,Nike,,7.5
016_01_L_05.tiff,83,L,5,W,Nike,,7.5
016_01_R_01.tiff,83,R,1,W,Nike,,7.5
016_01_R_02.tiff,83,R,2,W,Nike,,7.5
016_01_R_03.tiff,83,R,3,W,Nike,,7.5
016_01_R_04.tiff,83,R,4,W,Nike,,7.5
016_01_R_05.tiff,83,R,5,W,Nike,,7.5
016_02_L_01.tiff,84,L,1,W,Adidas,,5.5
016_02_L_02.tiff,84,L,2,W,Adidas,,5.5
016_02_L_03.tiff,84,L,3,W,Adidas,,5.5
016_02_L_04.tiff,84,L,4,W,Adidas,,5.5
016_02_L_05.tiff,84,L,5,W,Adidas,,5.5
016_02_R_01.tiff,84,R,1,W,Adidas,,5.5
016_02_R_02.tiff,84,R,2,W,Adidas,,5.5
016_02_R_03.tiff,84,R,3,W,Adidas,,5.5
016_02_R_04.tiff,84,R,4,W,Adidas,,5.5
016_02_R_05.tiff,84,R,5,W,Adidas,,5.5
017_01_L_01.tiff,85,L,1,W,Nike,,6
017_01_L_02.tiff,85,L,2,W,Nike,,6
017_01_L_03.tiff,85,L,3,W,Nike,,6
017_01_L_04.tiff,85,L,4,W,Nike,,6
017_01_L_05.tiff,85,L,5,W,Nike,,6
017_01_R_01.tiff,85,R,1,W,Nike,,6
017_01_R_02.tiff,85,R,2,W,Nike,,6
017_01_R_03.tiff,85,R,3,W,Nike,,6
017_01_R_04.tiff,85,R,4,W,Nike,,6
017_01_R_05.tiff,85,R,5,W,Nike,,6
017_02_L_01.tiff,86,L,1,W,None,,5
017_02_L_02.tiff,86,L,2,W,None,,5
017_02_L_03.tiff,86,L,3,W,None,,5
017_02_L_04.tiff,86,L,4,W,None,,5
017_02_L_05.tiff,86,L,5,W,None,,5
017_02_R_01.tiff,86,R,1,W,None,,5
017_02_R_02.tiff,86,R,2,W,None,,5
017_02_R_03.tiff,86,R,3,W,None,,5
017_02_R_04.tiff,86,R,4,W,None,,5
017_02_R_05.tiff,86,R,5,W,None,,5
017_03_L_01.tiff,87,L,1,W,Ofem,,5.5
017_03_L_02.tiff,87,L,2,W,Ofem,,5.5
017_03_L_03.tiff,87,L,3,W,Ofem,,5.5
017_03_L_04.tiff,87,L,4,W,Ofem,,5.5
017_03_L_05.tiff,87,L,5,W,Ofem,,5.5
017_03_R_01.tiff,87,R,1,W,Ofem,,5.5
017_03_R_02.tiff,87,R,2,W,Ofem,,5.5
017_03_R_03.tiff,87,R,3,W,Ofem,,5.5
017_03_R_04.tiff,87,R,4,W,Ofem,,5.5
017_03_R_05.tiff,87,R,5,W,Ofem,,5.5
017_04_L_01.tiff,88,L,1,W,Namuhana,,5.5
017_04_L_02.tiff,88,L,2,W,Namuhana,,5.5
017_04_L_03.tiff,88,L,3,W,Namuhana,,5.5
017_04_L_04.tiff,88,L,4,W,Namuhana,,5.5
017_04_L_05.tiff,88,L,5,W,Namuhana,,5.5
017_04_R_01.tiff,88,R,1,W,Namuhana,,5.5
017_04_R_02.tiff,88,R,2,W,Namuhana,,5.5
017_04_R_03.tiff,88,R,3,W,Namuhana,,5.5
017_04_R_04.tiff,88,R,4,W,Namuhana,,5.5
017_04_R_05.tiff,88,R,5,W,Namuhana,,5.5
017_05_L_01.tiff,89,L,1,W,Elcanto,,6
017_05_L_02.tiff,89,L,2,W,Elcanto,,6
017_05_L_03.tiff,89,L,3,W,Elcanto,,6
017_05_L_04.tiff,89,L,4,W,Elcanto,,6
017_05_L_05.tiff,89,L,5,W,Elcanto,,6
017_05_R_01.tiff,89,R,1,W,Elcanto,,6
017_05_R_02.tiff,89,R,2,W,Elcanto,,6
017_05_R_03.tiff,89,R,3,W,Elcanto,,6
017_05_R_04.tiff,89,R,4,W,Elcanto,,6
017_05_R_05.tiff,89,R,5,W,Elcanto,,6
017_06_L_01.tiff,90,L,1,W,Guho,,5.5
017_06_L_02.tiff,90,L,2,W,Guho,,5.5
017_06_L_03.tiff,90,L,3,W,Guho,,5.5
017_06_L_04.tiff,90,L,4,W,Guho,,5.5
017_06_L_05.tiff,90,L,5,W,Guho,,5.5
017_06_R_01.tiff,90,R,1,W,Guho,,5.5
017_06_R_02.tiff,90,R,2,W,Guho,,5.5
017_06_R_03.tiff,90,R,3,W,Guho,,5.5
017_06_R_04.tiff,90,R,4,W,Guho,,5.5
017_06_R_05.tiff,90,R,5,W,Guho,,5.5
018_01_L_01.tiff,91,L,1,M,Sperry,,8.5
018_01_L_02.tiff,91,L,2,M,Sperry,,8.5
018_01_L_03.tiff,91,L,3,M,Sperry,,8.5
018_01_L_04.tiff,91,L,4,M,Sperry,,8.5
018_01_L_05.tiff,91,L,5,M,Sperry,,8.5
018_01_R_01.tiff,91,R,1,M,Sperry,,8.5
018_01_R_02.tiff,91,R,2,M,Sperry,,8.5
018_01_R_03.tiff,91,R,3,M,Sperry,,8.5
018_01_R_04.tiff,91,R,4,M,Sperry,,8.5
018_01_R_05.tiff,91,R,5,M,Sperry,,8.5
018_02_L_01.tiff,92,L,1,M,Asics,,9
018_02_L_02.tiff,92,L,2,M,Asics,,9
018_02_L_03.tiff,92,L,3,M,Asics,,9
018_02_L_04.tiff,92,L,4,M,Asics,,9
018_02_L_05.tiff,92,L,5,M,Asics,,9
018_02_R_01.tiff,92,R,1,M,Asics,,9
018_02_R_02.tiff,92,R,2,M,Asics,,9
018_02_R_03.tiff,92,R,3,M,Asics,,9
018_02_R_04.tiff,92,R,4,M,Asics,,9
018_02_R_05.tiff,92,R,5,M,Asics,,9
018_03_L_01.tiff,93,L,1,M,Vibram,,8.5
018_03_L_02.tiff,93,L,2,M,Vibram,,8.5
018_03_L_03.tiff,93,L,3,M,Vibram,,8.5
018_03_L_04.tiff,93,L,4,M,Vibram,,8.5
018_03_L_05.tiff,93,L,5,M,Vibram,,8.5
018_03_R_01.tiff,93,R,1,M,Vibram,,8.5
018_03_R_02.tiff,93,R,2,M,Vibram,,8.5
018_03_R_03.tiff,93,R,3,M,Vibram,,8.5
018_03_R_04.tiff,93,R,4,M,Vibram,,8.5
018_03_R_05.tiff,93,R,5,M,Vibram,,8.5
018_04_L_01.tiff,94,L,1,M,Sperry,,8.5
018_04_L_02.tiff,94,L,2,M,Sperry,,8.5
018_04_L_03.tiff,94,L,3,M,Sperry,,8.5
018_04_L_04.tiff,94,L,4,M,Sperry,,8.5
018_04_L_05.tiff,94,L,5,M,Sperry,,8.5
018_04_R_01.tiff,94,R,1,M,Sperry,,8.5
018_04_R_02.tiff,94,R,2,M,Sperry,,8.5
018_04_R_03.tiff,94,R,3,M,Sperry,,8.5
018_04_R_04.tiff,94,R,4,M,Sperry,,8.5
018_04_R_05.tiff,94,R,5,M,Sperry,,8.5
019_01_L_01.tiff,95,L,1,W,Landya,,7
019_01_L_02.tiff,95,L,2,W,Landya,,7
019_01_L_03.tiff,95,L,3,W,Landya,,7
019_01_L_04.tiff,95,L,4,W,Landya,,7
019_01_L_05.tiff,95,L,5,W,Landya,,7
019_01_R_01.tiff,95,R,1,W,Landya,,7
019_01_R_02.tiff,95,R,2,W,Landya,,7
019_01_R_03.tiff,95,R,3,W,Landya,,7
019_01_R_04.tiff,95,R,4,W,Landya,,7
019_01_R_05.tiff,95,R,5,W,Landya,,7
019_02_L_01.tiff,96,L,1,W,Adidas,,5
019_02_L_02.tiff,96,L,2,W,Adidas,,5
019_02_L_03.tiff,96,L,3,W,Adidas,,5
019_02_L_04.tiff,96,L,4,W,Adidas,,5
019_02_L_05.tiff,96,L,5,W,Adidas,,5
019_02_R_01.tiff,96,R,1,W,Adidas,,5
019_02_R_02.tiff,96,R,2,W,Adidas,,5
019_02_R_03.tiff,96,R,3,W,Adidas,,5
019_02_R_04.tiff,96,R,4,W,Adidas,,5
019_02_R_05.tiff,96,R,5,W,Adidas,,5
019_03_L_01.tiff,97,L,1,W,Nike,,7.5
019_03_L_02.tiff,97,L,2,W,Nike,,7.5
019_03_L_03.tiff,97,L,3,W,Nike,,7.5
019_03_L_04.tiff,97,L,4,W,Nike,,7.5
019_03_L_05.tiff,97,L,5,W,Nike,,7.5
019_03_R_01.tiff,97,R,1,W,Nike,,7.5
019_03_R_02.tiff,97,R,2,W,Nike,,7.5
019_03_R_03.tiff,97,R,3,W,Nike,,7.5
019_03_R_04.tiff,97,R,4,W,Nike,,7.5
019_03_R_05.tiff,97,R,5,W,Nike,,7.5
020_01_L_01.tiff,98,L,1,M,Airwalk,,8.5
020_01_L_02.tiff,98,L,2,M,Airwalk,,8.5
020_01_L_03.tiff,98,L,3,M,Airwalk,,8.5
020_01_L_04.tiff,98,L,4,M,Airwalk,,8.5
020_01_L_05.tiff,98,L,5,M,Airwalk,,8.5
020_01_R_01.tiff,98,R,1,M,Airwalk,,8.5
020_01_R_02.tiff,98,R,2,M,Airwalk,,8.5
020_01_R_03.tiff,98,R,3,M,Airwalk,,8.5
020_01_R_04.tiff,98,R,4,M,Airwalk,,8.5
020_01_R_05.tiff,98,R,5,M,Airwalk,,8.5
020_02_L_01.tiff,99,L,1,M,Skechers,relaxedfit,10
020_02_L_02.tiff,99,L,2,M,Skechers,relaxedfit,10
020_02_L_03.tiff,99,L,3,M,Skechers,relaxedfit,10
020_02_L_04.tiff,99,L,4,M,Skechers,relaxedfit,10
020_02_L_05.tiff,99,L,5,M,Skechers,relaxedfit,10
020_02_R_01.tiff,99,R,1,M,Skechers,relaxedfit,10
020_02_R_02.tiff,99,R,2,M,Skechers,relaxedfit,10
020_02_R_03.tiff,99,R,3,M,Skechers,relaxedfit,10
020_02_R_04.tiff,99,R,4,M,Skechers,relaxedfit,10
020_02_R_05.tiff,99,R,5,M,Skechers,relaxedfit,10
020_03_L_01.tiff,100,L,1,M,Sperry,top-sider,9
020_03_L_02.tiff,100,L,2,M,Sperry,top-sider,9
020_03_L_03.tiff,100,L,3,M,Sperry,top-sider,9
020_03_L_04.tiff,100,L,4,M,Sperry,top-sider,9
020_03_L_05.tiff,100,L,5,M,Sperry,top-sider,9
020_03_R_01.tiff,100,R,1,M,Sperry,top-sider,9
020_03_R_02.tiff,100,R,2,M,Sperry,top-sider,9
020_03_R_03.tiff,100,R,3,M,Sperry,top-sider,9
020_03_R_04.tiff,100,R,4,M,Sperry,top-sider,9
020_03_R_05.tiff,100,R,5,M,Sperry,top-sider,9
020_04_L_01.tiff,101,L,1,M,Soma,,9.5
020_04_L_02.tiff,101,L,2,M,Soma,,9.5
020_04_L_03.tiff,101,L,3,M,Soma,,9.5
020_04_L_04.tiff,101,L,4,M,Soma,,9.5
020_04_L_05.tiff,101,L,5,M,Soma,,9.5
020_04_R_01.tiff,101,R,1,M,Soma,,9.5
020_04_R_02.tiff,101,R,2,M,Soma,,9.5
020_04_R_03.tiff,101,R,3,M,Soma,,9.5
020_04_R_04.tiff,101,R,4,M,Soma,,9.5
020_04_R_05.tiff,101,R,5,M,Soma,,9.5
020_05_L_01.tiff,102,L,1,M,Feiyue,,10
020_05_L_02.tiff,102,L,2,M,Feiyue,,10
020_05_L_03.tiff,102,L,3,M,Feiyue,,10
020_05_L_04.tiff,102,L,4,M,Feiyue,,10
020_05_L_05.tiff,102,L,5,M,Feiyue,,10
020_05_R_01.tiff,102,R,1,M,Feiyue,,10
020_05_R_02.tiff,102,R,2,M,Feiyue,,10
020_05_R_03.tiff,102,R,3,M,Feiyue,,10
020_05_R_04.tiff,102,R,4,M,Feiyue,,10
020_05_R_05.tiff,102,R,5,M,Feiyue,,10
020_06_L_01.tiff,103,L,1,M,Vans,,9.5
020_06_L_02.tiff,103,L,2,M,Vans,,9.5
020_06_L_03.tiff,103,L,3,M,Vans,,9.5
020_06_L_04.tiff,103,L,4,M,Vans,,9.5
020_06_L_05.tiff,103,L,5,M,Vans,,9.5
020_06_R_01.tiff,103,R,1,M,Vans,,9.5
020_06_R_02.tiff,103,R,2,M,Vans,,9.5
020_06_R_03.tiff,103,R,3,M,Vans,,9.5
020_06_R_04.tiff,103,R,4,M,Vans,,9.5
020_06_R_05.tiff,103,R,5,M,Vans,,9.5
020_07_L_01.tiff,104,L,1,M,Skechers,,11.5
020_07_L_02.tiff,104,L,2,M,Skechers,,11.5
020_07_L_03.tiff,104,L,3,M,Skechers,,11.5
020_07_L_04.tiff,104,L,4,M,Skechers,,11.5
020_07_L_05.tiff,104,L,5,M,Skechers,,11.5
020_07_R_01.tiff,104,R,1,M,Skechers,,11.5
020_07_R_02.tiff,104,R,2,M,Skechers,,11.5
020_07_R_03.tiff,104,R,3,M,Skechers,,11.5
020_07_R_04.tiff,104,R,4,M,Skechers,,11.5
020_07_R_05.tiff,104,R,5,M,Skechers,,11.5
020_08_L_01.tiff,105,L,1,M,OP,Grendene,9
020_08_L_02.tiff,105,L,2,M,OP,Grendene,9
020_08_L_03.tiff,105,L,3,M,OP,Grendene,9
020_08_L_04.tiff,105,L,4,M,OP,Grendene,9
020_08_L_05.tiff,105,L,5,M,OP,Grendene,9
020_08_R_01.tiff,105,R,1,M,OP,Grendene,9
020_08_R_02.tiff,105,R,2,M,OP,Grendene,9
020_08_R_03.tiff,105,R,3,M,OP,Grendene,9
020_08_R_04.tiff,105,R,4,M,OP,Grendene,9
020_08_R_05.tiff,105,R,5,M,OP,Grendene,9
020_09_L_01.tiff,106,L,1,M,Stone,,9
020_09_L_02.tiff,106,L,2,M,Stone,,9
020_09_L_03.tiff,106,L,3,M,Stone,,9
020_09_L_04.tiff,106,L,4,M,Stone,,9
020_09_L_05.tiff,106,L,5,M,Stone,,9
020_09_R_01.tiff,106,R,1,M,Stone,,9
020_09_R_02.tiff,106,R,2,M,Stone,,9
020_09_R_03.tiff,106,R,3,M,Stone,,9
020_09_R_04.tiff,106,R,4,M,Stone,,9
020_09_R_05.tiff,106,R,5,M,Stone,,9
020_10_L_01.tiff,107,L,1,M,None,,10
020_10_L_02.tiff,107,L,2,M,None,,10
020_10_L_03.tiff,107,L,3,M,None,,10
020_10_L_04.tiff,107,L,4,M,None,,10
020_10_L_05.tiff,107,L,5,M,None,,10
020_10_R_01.tiff,107,R,1,M,None,,10
020_10_R_02.tiff,107,R,2,M,None,,10
020_10_R_03.tiff,107,R,3,M,None,,10
020_10_R_04.tiff,107,R,4,M,None,,10
020_10_R_05.tiff,107,R,5,M,None,,10
020_11_L_01.tiff,108,L,1,M,Nike,zoom winflo 4,10
020_11_L_02.tiff,108,L,2,M,Nike,zoom winflo 4,10
020_11_L_03.tiff,108,L,3,M,Nike,zoom winflo 4,10
020_11_L_04.tiff,108,L,4,M,Nike,zoom winflo 4,10
020_11_L_05.tiff,108,L,5,M,Nike,zoom winflo 4,10
020_11_R_01.tiff,108,R,1,M,Nike,zoom winflo 4,10
020_11_R_02.tiff,108,R,2,M,Nike,zoom winflo 4,10
020_11_R_03.tiff,108,R,3,M,Nike,zoom winflo 4,10
020_11_R_04.tiff,108,R,4,M,Nike,zoom winflo 4,10
020_11_R_05.tiff,108,R,5,M,Nike,zoom winflo 4,10
020_12_L_01.tiff,109,L,1,M,Converse,,10
020_12_L_02.tiff,109,L,2,M,Converse,,10
020_12_L_03.tiff,109,L,3,M,Converse,,10
020_12_L_04.tiff,109,L,4,M,Converse,,10
020_12_L_05.tiff,109,L,5,M,Converse,,10
020_12_R_01.tiff,109,R,1,M,Converse,,10
020_12_R_02.tiff,109,R,2,M,Converse,,10
020_12_R_03.tiff,109,R,3,M,Converse,,10
020_12_R_04.tiff,109,R,4,M,Converse,,10
020_12_R_05.tiff,109,R,5,M,Converse,,10
020_13_L_01.tiff,110,L,1,M,Sonoma,,10.5
020_13_L_02.tiff,110,L,2,M,Sonoma,,10.5
020_13_L_03.tiff,110,L,3,M,Sonoma,,10.5
020_13_L_04.tiff,110,L,4,M,Sonoma,,10.5
020_13_L_05.tiff,110,L,5,M,Sonoma,,10.5
020_13_R_01.tiff,110,R,1,M,Sonoma,,10.5
020_13_R_02.tiff,110,R,2,M,Sonoma,,10.5
020_13_R_03.tiff,110,R,3,M,Sonoma,,10.5
020_13_R_04.tiff,110,R,4,M,Sonoma,,10.5
020_13_R_05.tiff,110,R,5,M,Sonoma,,10.5
020_14_L_01.tiff,111,L,1,M,G.H.Bass&Co,,10
020_14_L_02.tiff,111,L,2,M,G.H.Bass&Co,,10
020_14_L_03.tiff,111,L,3,M,G.H.Bass&Co,,10
020_14_L_04.tiff,111,L,4,M,G.H.Bass&Co,,10
020_14_L_05.tiff,111,L,5,M,G.H.Bass&Co,,10
020_14_R_01.tiff,111,R,1,M,G.H.Bass&Co,,10
020_14_R_02.tiff,111,R,2,M,G.H.Bass&Co,,10
020_14_R_03.tiff,111,R,3,M,G.H.Bass&Co,,10
020_14_R_04.tiff,111,R,4,M,G.H.Bass&Co,,10
020_14_R_05.tiff,111,R,5,M,G.H.Bass&Co,,10
020_15_L_01.tiff,112,L,1,M,Skechers,relaxedfit,10
020_15_L_02.tiff,112,L,2,M,Skechers,relaxedfit,10
020_15_L_03.tiff,112,L,3,M,Skechers,relaxedfit,10
020_15_L_04.tiff,112,L,4,M,Skechers,relaxedfit,10
020_15_L_05.tiff,112,L,5,M,Skechers,relaxedfit,10
020_15_R_01.tiff,112,R,1,M,Skechers,relaxedfit,10
020_15_R_02.tiff,112,R,2,M,Skechers,relaxedfit,10
020_15_R_03.tiff,112,R,3,M,Skechers,relaxedfit,10
020_15_R_04.tiff,112,R,4,M,Skechers,relaxedfit,10
020_15_R_05.tiff,112,R,5,M,Skechers,relaxedfit,10
020_16_L_01.tiff,113,L,1,M,Fadedglory,,9
020_16_L_02.tiff,113,L,2,M,Fadedglory,,9
020_16_L_03.tiff,113,L,3,M,Fadedglory,,9
020_16_L_04.tiff,113,L,4,M,Fadedglory,,9
020_16_L_05.tiff,113,L,5,M,Fadedglory,,9
020_16_R_01.tiff,113,R,1,M,Fadedglory,,9
020_16_R_02.tiff,113,R,2,M,Fadedglory,,9
020_16_R_03.tiff,113,R,3,M,Fadedglory,,9
020_16_R_04.tiff,113,R,4,M,Fadedglory,,9
020_16_R_05.tiff,113,R,5,M,Fadedglory,,9
020_17_L_01.tiff,114,L,1,M,Sperry,top-sider,10
020_17_L_02.tiff,114,L,2,M,Sperry,top-sider,10
020_17_L_03.tiff,114,L,3,M,Sperry,top-sider,10
020_17_L_04.tiff,114,L,4,M,Sperry,top-sider,10
020_17_L_05.tiff,114,L,5,M,Sperry,top-sider,10
020_17_R_01.tiff,114,R,1,M,Sperry,top-sider,10
020_17_R_02.tiff,114,R,2,M,Sperry,top-sider,10
020_17_R_03.tiff,114,R,3,M,Sperry,top-sider,10
020_17_R_04.tiff,114,R,4,M,Sperry,top-sider,10
020_17_R_05.tiff,114,R,5,M,Sperry,top-sider,10
020_18_L_01.tiff,115,L,1,M,Nike,total core trainer,10.5
020_18_L_02.tiff,115,L,2,M,Nike,total core trainer,10.5
020_18_L_03.tiff,115,L,3,M,Nike,total core trainer,10.5
020_18_L_04.tiff,115,L,4,M,Nike,total core trainer,10.5
020_18_L_05.tiff,115,L,5,M,Nike,total core trainer,10.5
020_18_R_01.tiff,115,R,1,M,Nike,total core trainer,10.5
020_18_R_02.tiff,115,R,2,M,Nike,total core trainer,10.5
020_18_R_03.tiff,115,R,3,M,Nike,total core trainer,10.5
020_18_R_04.tiff,115,R,4,M,Nike,total core trainer,10.5
020_18_R_05.tiff,115,R,5,M,Nike,total core trainer,10.5
020_19_L_01.tiff,116,L,1,M,Adidas,samba,11.5
020_19_L_02.tiff,116,L,2,M,Adidas,samba,11.5
020_19_L_03.tiff,116,L,3,M,Adidas,samba,11.5
020_19_L_04.tiff,116,L,4,M,Adidas,samba,11.5
020_19_L_05.tiff,116,L,5,M,Adidas,samba,11.5
020_19_R_01.tiff,116,R,1,M,Adidas,samba,11.5
020_19_R_02.tiff,116,R,2,M,Adidas,samba,11.5
020_19_R_03.tiff,116,R,3,M,Adidas,samba,11.5
020_19_R_04.tiff,116,R,4,M,Adidas,samba,11.5
020_19_R_05.tiff,116,R,5,M,Adidas,samba,11.5
021_01_L_01.tiff,117,L,1,W,Nike,revolution2,9
021_01_L_02.tiff,117,L,2,W,Nike,revolution2,9
021_01_L_03.tiff,117,L,3,W,Nike,revolution2,9
021_01_L_04.tiff,117,L,4,W,Nike,revolution2,9
021_01_L_05.tiff,117,L,5,W,Nike,revolution2,9
021_01_R_01.tiff,117,R,1,W,Nike,revolution2,9
021_01_R_02.tiff,117,R,2,W,Nike,revolution2,9
021_01_R_03.tiff,117,R,3,W,Nike,revolution2,9
021_01_R_04.tiff,117,R,4,W,Nike,revolution2,9
021_01_R_05.tiff,117,R,5,W,Nike,revolution2,9
021_02_L_01.tiff,118,L,1,W,Champion,,8.5
021_02_L_02.tiff,118,L,2,W,Champion,,8.5
021_02_L_03.tiff,118,L,3,W,Champion,,8.5
021_02_L_04.tiff,118,L,4,W,Champion,,8.5
021_02_L_05.tiff,118,L,5,W,Champion,,8.5
021_02_R_01.tiff,118,R,1,W,Champion,,8.5
021_02_R_02.tiff,118,R,2,W,Champion,,8.5
021_02_R_03.tiff,118,R,3,W,Champion,,8.5
021_02_R_04.tiff,118,R,4,W,Champion,,8.5
021_02_R_05.tiff,118,R,5,W,Champion,,8.5
021_03_L_01.tiff,119,L,1,W,Brooks,GTS seventeenth (grey),9.5
021_03_L_02.tiff,119,L,2,W,Brooks,GTS seventeenth (grey),9.5
021_03_L_03.tiff,119,L,3,W,Brooks,GTS seventeenth (grey),9.5
021_03_L_04.tiff,119,L,4,W,Brooks,GTS seventeenth (grey),9.5
021_03_L_05.tiff,119,L,5,W,Brooks,GTS seventeenth (grey),9.5
021_03_R_01.tiff,119,R,1,W,Brooks,GTS seventeenth (grey),9.5
021_03_R_02.tiff,119,R,2,W,Brooks,GTS seventeenth (grey),9.5
021_03_R_03.tiff,119,R,3,W,Brooks,GTS seventeenth (grey),9.5
021_03_R_04.tiff,119,R,4,W,Brooks,GTS seventeenth (grey),9.5
021_03_R_05.tiff,119,R,5,W,Brooks,GTS seventeenth (grey),9.5
021_04_L_01.tiff,120,L,1,W,Brooks,GTS seventeenth (blue),9.5
021_04_L_02.tiff,120,L,2,W,Brooks,GTS seventeenth (blue),9.5
021_04_L_03.tiff,120,L,3,W,Brooks,GTS seventeenth (blue),9.5
021_04_L_04.tiff,120,L,4,W,Brooks,GTS seventeenth (blue),9.5
021_04_L_05.tiff,120,L,5,W,Brooks,GTS seventeenth (blue),9.5
021_04_R_01.tiff,120,R,1,W,Brooks,GTS seventeenth (blue),9.5
021_04_R_02.tiff,120,R,2,W,Brooks,GTS seventeenth (blue),9.5
021_04_R_03.tiff,120,R,3,W,Brooks,GTS seventeenth (blue),9.5
021_04_R_04.tiff,120,R,4,W,Brooks,GTS seventeenth (blue),9.5
021_04_R_05.tiff,120,R,5,W,Brooks,GTS seventeenth (blue),9.5
021_05_L_01.tiff,121,L,1,W,Champion,,8.5
021_05_L_02.tiff,121,L,2,W,Champion,,8.5
021_05_L_03.tiff,121,L,3,W,Champion,,8.5
021_05_L_04.tiff,121,L,4,W,Champion,,8.5
021_05_L_05.tiff,121,L,5,W,Champion,,8.5
021_05_R_01.tiff,121,R,1,W,Champion,,8.5
021_05_R_02.tiff,121,R,2,W,Champion,,8.5
021_05_R_03.tiff,121,R,3,W,Champion,,8.5
021_05_R_04.tiff,121,R,4,W,Champion,,8.5
021_05_R_05.tiff,121,R,5,W,Champion,,8.5
021_06_L_01.tiff,122,L,1,M,Nike,Shock,9
021_06_L_02.tiff,122,L,2,M,Nike,Shock,9
021_06_L_03.tiff,122,L,3,M,Nike,Shock,9
021_06_L_04.tiff,122,L,4,M,Nike,Shock,9
021_06_L_05.tiff,122,L,5,M,Nike,Shock,9
021_06_R_01.tiff,122,R,1,M,Nike,Shock,9
021_06_R_02.tiff,122,R,2,M,Nike,Shock,9
021_06_R_03.tiff,122,R,3,M,Nike,Shock,9
021_06_R_04.tiff,122,R,4,M,Nike,Shock,9
021_06_R_05.tiff,122,R,5,M,Nike,Shock,9
021_07_L_01.tiff,123,L,1,M,Nike,Lunarglide 7,9.5
021_07_L_02.tiff,123,L,2,M,Nike,Lunarglide 7,9.5
021_07_L_03.tiff,123,L,3,M,Nike,Lunarglide 7,9.5
021_07_L_04.tiff,123,L,4,M,Nike,Lunarglide 7,9.5
021_07_L_05.tiff,123,L,5,M,Nike,Lunarglide 7,9.5
021_07_R_01.tiff,123,R,1,M,Nike,Lunarglide 7,9.5
021_07_R_02.tiff,123,R,2,M,Nike,Lunarglide 7,9.5
021_07_R_03.tiff,123,R,3,M,Nike,Lunarglide 7,9.5
021_07_R_04.tiff,123,R,4,M,Nike,Lunarglide 7,9.5
021_07_R_05.tiff,123,R,5,M,Nike,Lunarglide 7,9.5
021_08_L_01.tiff,124,L,1,M,Nike ,,9.5
021_08_L_02.tiff,124,L,2,M,Nike ,,9.5
021_08_L_03.tiff,124,L,3,M,Nike ,,9.5
021_08_L_04.tiff,124,L,4,M,Nike ,,9.5
021_08_L_05.tiff,124,L,5,M,Nike ,,9.5
021_08_R_01.tiff,124,R,1,M,Nike ,,9.5
021_08_R_02.tiff,124,R,2,M,Nike ,,9.5
021_08_R_03.tiff,124,R,3,M,Nike ,,9.5
021_08_R_04.tiff,124,R,4,M,Nike ,,9.5
021_08_R_05.tiff,124,R,5,M,Nike ,,9.5
022_01_L_01.tiff,125,L,1,M,Under Amour,,13
022_01_L_02.tiff,125,L,2,M,Under Amour,,13
022_01_L_03.tiff,125,L,3,M,Under Amour,,13
022_01_L_04.tiff,125,L,4,M,Under Amour,,13
022_01_L_05.tiff,125,L,5,M,Under Amour,,13
022_01_R_01.tiff,125,R,1,M,Under Amour,,13
022_01_R_02.tiff,125,R,2,M,Under Amour,,13
022_01_R_03.tiff,125,R,3,M,Under Amour,,13
022_01_R_04.tiff,125,R,4,M,Under Amour,,13
022_01_R_05.tiff,125,R,5,M,Under Amour,,13
023_01_L_01.tiff,126,L,1,M,American Eagle,,11
023_01_L_02.tiff,126,L,2,M,American Eagle,,11
023_01_L_03.tiff,126,L,3,M,American Eagle,,11
023_01_L_04.tiff,126,L,4,M,American Eagle,,11
023_01_L_05.tiff,126,L,5,M,American Eagle,,11
023_01_R_01.tiff,126,R,1,M,American Eagle,,11
023_01_R_02.tiff,126,R,2,M,American Eagle,,11
023_01_R_03.tiff,126,R,3,M,American Eagle,,11
023_01_R_04.tiff,126,R,4,M,American Eagle,,11
023_01_R_05.tiff,126,R,5,M,American Eagle,,11
023_02_L_01.tiff,127,L,1,M,Champion,,11
023_02_L_02.tiff,127,L,2,M,Champion,,11
023_02_L_03.tiff,127,L,3,M,Champion,,11
023_02_L_04.tiff,127,L,4,M,Champion,,11
023_02_L_05.tiff,127,L,5,M,Champion,,11
023_02_R_01.tiff,127,R,1,M,Champion,,11
023_02_R_02.tiff,127,R,2,M,Champion,,11
023_02_R_03.tiff,127,R,3,M,Champion,,11
023_02_R_04.tiff,127,R,4,M,Champion,,11
023_02_R_05.tiff,127,R,5,M,Champion,,11
024_01_L_01.tiff,128,L,1,M,Asics,Dynamic Duomax,10.5
024_01_L_02.tiff,128,L,2,M,Asics,Dynamic Duomax,10.5
024_01_L_03.tiff,128,L,3,M,Asics,Dynamic Duomax,10.5
024_01_L_04.tiff,128,L,4,M,Asics,Dynamic Duomax,10.5
024_01_L_05.tiff,128,L,5,M,Asics,Dynamic Duomax,10.5
024_01_R_01.tiff,128,R,1,M,Asics,Dynamic Duomax,10.5
024_01_R_02.tiff,128,R,2,M,Asics,Dynamic Duomax,10.5
024_01_R_03.tiff,128,R,3,M,Asics,Dynamic Duomax,10.5
024_01_R_04.tiff,128,R,4,M,Asics,Dynamic Duomax,10.5
024_01_R_05.tiff,128,R,5,M,Asics,Dynamic Duomax,10.5
025_01_L_01.tiff,129,L,1,W,Nike,zoom winflo 4,8
025_01_L_02.tiff,129,L,2,W,Nike,zoom winflo 4,8
025_01_L_03.tiff,129,L,3,W,Nike,zoom winflo 4,8
025_01_L_04.tiff,129,L,4,W,Nike,zoom winflo 4,8
025_01_L_05.tiff,129,L,5,W,Nike,zoom winflo 4,8
025_01_R_01.tiff,129,R,1,W,Nike,zoom winflo 4,8
025_01_R_02.tiff,129,R,2,W,Nike,zoom winflo 4,8
025_01_R_03.tiff,129,R,3,W,Nike,zoom winflo 4,8
025_01_R_04.tiff,129,R,4,W,Nike,zoom winflo 4,8
025_01_R_05.tiff,129,R,5,W,Nike,zoom winflo 4,8
025_02_L_01.tiff,130,L,1,W,Nike,Tr fit 4,7.5
025_02_L_02.tiff,130,L,2,W,Nike,Tr fit 4,7.5
025_02_L_03.tiff,130,L,3,W,Nike,Tr fit 4,7.5
025_02_L_04.tiff,130,L,4,W,Nike,Tr fit 4,7.5
025_02_L_05.tiff,130,L,5,W,Nike,Tr fit 4,7.5
025_02_R_01.tiff,130,R,1,W,Nike,Tr fit 4,7.5
025_02_R_02.tiff,130,R,2,W,Nike,Tr fit 4,7.5
025_02_R_03.tiff,130,R,3,W,Nike,Tr fit 4,7.5
025_02_R_04.tiff,130,R,4,W,Nike,Tr fit 4,7.5
025_02_R_05.tiff,130,R,5,W,Nike,Tr fit 4,7.5
025_03_L_01.tiff,131,L,1,W,Nike,Tr fit 4,7
025_03_L_02.tiff,131,L,2,W,Nike,Tr fit 4,7
025_03_L_03.tiff,131,L,3,W,Nike,Tr fit 4,7
025_03_L_04.tiff,131,L,4,W,Nike,Tr fit 4,7
025_03_L_05.tiff,131,L,5,W,Nike,Tr fit 4,7
025_03_R_01.tiff,131,R,1,W,Nike,Tr fit 4,7
025_03_R_02.tiff,131,R,2,W,Nike,Tr fit 4,7
025_03_R_03.tiff,131,R,3,W,Nike,Tr fit 4,7
025_03_R_04.tiff,131,R,4,W,Nike,Tr fit 4,7
025_03_R_05.tiff,131,R,5,W,Nike,Tr fit 4,7
025_04_L_01.tiff,132,L,1,W,Ecco,,8
025_04_L_02.tiff,132,L,2,W,Ecco,,8
025_04_L_03.tiff,132,L,3,W,Ecco,,8
025_04_L_04.tiff,132,L,4,W,Ecco,,8
025_04_L_05.tiff,132,L,5,W,Ecco,,8
025_04_R_01.tiff,132,R,1,W,Ecco,,8
025_04_R_02.tiff,132,R,2,W,Ecco,,8
025_04_R_03.tiff,132,R,3,W,Ecco,,8
025_04_R_04.tiff,132,R,4,W,Ecco,,8
025_04_R_05.tiff,132,R,5,W,Ecco,,8
025_05_L_01.tiff,133,L,1,W,Asics,S465N,7.5
025_05_L_02.tiff,133,L,2,W,Asics,S465N,7.5
025_05_L_03.tiff,133,L,3,W,Asics,S465N,7.5
025_05_L_04.tiff,133,L,4,W,Asics,S465N,7.5
025_05_L_05.tiff,133,L,5,W,Asics,S465N,7.5
025_05_R_01.tiff,133,R,1,W,Asics,S465N,7.5
025_05_R_02.tiff,133,R,2,W,Asics,S465N,7.5
025_05_R_03.tiff,133,R,3,W,Asics,S465N,7.5
025_05_R_04.tiff,133,R,4,W,Asics,S465N,7.5
025_05_R_05.tiff,133,R,5,W,Asics,S465N,7.5
025_06_L_01.tiff,134,L,1,W,Newbalance,WX208P,7.5
025_06_L_02.tiff,134,L,2,W,Newbalance,WX208P,7.5
025_06_L_03.tiff,134,L,3,W,Newbalance,WX208P,7.5
025_06_L_04.tiff,134,L,4,W,Newbalance,WX208P,7.5
025_06_L_05.tiff,134,L,5,W,Newbalance,WX208P,7.5
025_06_R_01.tiff,134,R,1,W,Newbalance,WX208P,7.5
025_06_R_02.tiff,134,R,2,W,Newbalance,WX208P,7.5
025_06_R_03.tiff,134,R,3,W,Newbalance,WX208P,7.5
025_06_R_04.tiff,134,R,4,W,Newbalance,WX208P,7.5
025_06_R_05.tiff,134,R,5,W,Newbalance,WX208P,7.5
025_07_L_01.tiff,135,L,1,W,Ecco,,8
025_07_L_02.tiff,135,L,2,W,Ecco,,8
025_07_L_03.tiff,135,L,3,W,Ecco,,8
025_07_L_04.tiff,135,L,4,W,Ecco,,8
025_07_L_05.tiff,135,L,5,W,Ecco,,8
025_07_R_01.tiff,135,R,1,W,Ecco,,8
025_07_R_02.tiff,135,R,2,W,Ecco,,8
025_07_R_03.tiff,135,R,3,W,Ecco,,8
025_07_R_04.tiff,135,R,4,W,Ecco,,8
025_07_R_05.tiff,135,R,5,W,Ecco,,8
025_08_L_01.tiff,136,L,1,W,Teva,1000035,6
025_08_L_02.tiff,136,L,2,W,Teva,1000035,6
025_08_L_03.tiff,136,L,3,W,Teva,1000035,6
025_08_L_04.tiff,136,L,4,W,Teva,1000035,6
025_08_L_05.tiff,136,L,5,W,Teva,1000035,6
025_08_R_01.tiff,136,R,1,W,Teva,1000035,6
025_08_R_02.tiff,136,R,2,W,Teva,1000035,6
025_08_R_03.tiff,136,R,3,W,Teva,1000035,6
025_08_R_04.tiff,136,R,4,W,Teva,1000035,6
025_08_R_05.tiff,136,R,5,W,Teva,1000035,6
026_01_L_01.tiff,137,L,1,W,Converse,,7
026_01_L_02.tiff,137,L,2,W,Converse,,7
026_01_L_03.tiff,137,L,3,W,Converse,,7
026_01_L_04.tiff,137,L,4,W,Converse,,7
026_01_L_05.tiff,137,L,5,W,Converse,,7
026_01_R_01.tiff,137,R,1,W,Converse,,7
026_01_R_02.tiff,137,R,2,W,Converse,,7
026_01_R_03.tiff,137,R,3,W,Converse,,7
026_01_R_04.tiff,137,R,4,W,Converse,,7
026_01_R_05.tiff,137,R,5,W,Converse,,7
026_02_L_01.tiff,138,L,1,W,Dansko,,7
026_02_L_02.tiff,138,L,2,W,Dansko,,7
026_02_L_03.tiff,138,L,3,W,Dansko,,7
026_02_L_04.tiff,138,L,4,W,Dansko,,7
026_02_L_05.tiff,138,L,5,W,Dansko,,7
026_02_R_01.tiff,138,R,1,W,Dansko,,7
026_02_R_02.tiff,138,R,2,W,Dansko,,7
026_02_R_03.tiff,138,R,3,W,Dansko,,7
026_02_R_04.tiff,138,R,4,W,Dansko,,7
026_02_R_05.tiff,138,R,5,W,Dansko,,7
026_03_L_01.tiff,139,L,1,W,Nike,free run 2,7.5
026_03_L_02.tiff,139,L,2,W,Nike,free run 2,7.5
026_03_L_03.tiff,139,L,3,W,Nike,free run 2,7.5
026_03_L_04.tiff,139,L,4,W,Nike,free run 2,7.5
026_03_L_05.tiff,139,L,5,W,Nike,free run 2,7.5
026_03_R_01.tiff,139,R,1,W,Nike,free run 2,7.5
026_03_R_02.tiff,139,R,2,W,Nike,free run 2,7.5
026_03_R_03.tiff,139,R,3,W,Nike,free run 2,7.5
026_03_R_04.tiff,139,R,4,W,Nike,free run 2,7.5
026_03_R_05.tiff,139,R,5,W,Nike,free run 2,7.5
026_04_L_01.tiff,140,L,1,W,Clarks,,7
026_04_L_02.tiff,140,L,2,W,Clarks,,7
026_04_L_03.tiff,140,L,3,W,Clarks,,7
026_04_L_04.tiff,140,L,4,W,Clarks,,7
026_04_L_05.tiff,140,L,5,W,Clarks,,7
026_04_R_01.tiff,140,R,1,W,Clarks,,7
026_04_R_02.tiff,140,R,2,W,Clarks,,7
026_04_R_03.tiff,140,R,3,W,Clarks,,7
026_04_R_04.tiff,140,R,4,W,Clarks,,7
026_04_R_05.tiff,140,R,5,W,Clarks,,7
026_05_L_01.tiff,141,L,1,W,Teva,,7
026_05_L_02.tiff,141,L,2,W,Teva,,7
026_05_L_03.tiff,141,L,3,W,Teva,,7
026_05_L_04.tiff,141,L,4,W,Teva,,7
026_05_L_05.tiff,141,L,5,W,Teva,,7
026_05_R_01.tiff,141,R,1,W,Teva,,7
026_05_R_02.tiff,141,R,2,W,Teva,,7
026_05_R_03.tiff,141,R,3,W,Teva,,7
026_05_R_04.tiff,141,R,4,W,Teva,,7
026_05_R_05.tiff,141,R,5,W,Teva,,7
026_06_L_01.tiff,142,L,1,W,Keen,,7.5
026_06_L_02.tiff,142,L,2,W,Keen,,7.5
026_06_L_03.tiff,142,L,3,W,Keen,,7.5
026_06_L_04.tiff,142,L,4,W,Keen,,7.5
026_06_L_05.tiff,142,L,5,W,Keen,,7.5
026_06_R_01.tiff,142,R,1,W,Keen,,7.5
026_06_R_02.tiff,142,R,2,W,Keen,,7.5
026_06_R_03.tiff,142,R,3,W,Keen,,7.5
026_06_R_04.tiff,142,R,4,W,Keen,,7.5
026_06_R_05.tiff,142,R,5,W,Keen,,7.5
026_07_L_01.tiff,143,L,1,W,Saucony,ezcursion tr5,7.5
026_07_L_02.tiff,143,L,2,W,Saucony,ezcursion tr5,7.5
026_07_L_03.tiff,143,L,3,W,Saucony,ezcursion tr5,7.5
026_07_L_04.tiff,143,L,4,W,Saucony,ezcursion tr5,7.5
026_07_L_05.tiff,143,L,5,W,Saucony,ezcursion tr5,7.5
026_07_R_01.tiff,143,R,1,W,Saucony,ezcursion tr5,7.5
026_07_R_02.tiff,143,R,2,W,Saucony,ezcursion tr5,7.5
026_07_R_03.tiff,143,R,3,W,Saucony,ezcursion tr5,7.5
026_07_R_04.tiff,143,R,4,W,Saucony,ezcursion tr5,7.5
026_07_R_05.tiff,143,R,5,W,Saucony,ezcursion tr5,7.5
026_08_L_01.tiff,144,L,1,W,Sperry,,7
026_08_L_02.tiff,144,L,2,W,Sperry,,7
026_08_L_03.tiff,144,L,3,W,Sperry,,7
026_08_L_04.tiff,144,L,4,W,Sperry,,7
026_08_L_05.tiff,144,L,5,W,Sperry,,7
026_08_R_01.tiff,144,R,1,W,Sperry,,7
026_08_R_02.tiff,144,R,2,W,Sperry,,7
026_08_R_03.tiff,144,R,3,W,Sperry,,7
026_08_R_04.tiff,144,R,4,W,Sperry,,7
026_08_R_05.tiff,144,R,5,W,Sperry,,7
026_09_L_01.tiff,145,L,1,W,K-swiss,,8
026_09_L_02.tiff,145,L,2,W,K-swiss,,8
026_09_L_03.tiff,145,L,3,W,K-swiss,,8
026_09_L_04.tiff,145,L,4,W,K-swiss,,8
026_09_L_05.tiff,145,L,5,W,K-swiss,,8
026_09_R_01.tiff,145,R,1,W,K-swiss,,8
026_09_R_02.tiff,145,R,2,W,K-swiss,,8
026_09_R_03.tiff,145,R,3,W,K-swiss,,8
026_09_R_04.tiff,145,R,4,W,K-swiss,,8
026_09_R_05.tiff,145,R,5,W,K-swiss,,8
026_10_L_01.tiff,146,L,1,W,Keen,,7.5
026_10_L_02.tiff,146,L,2,W,Keen,,7.5
026_10_L_03.tiff,146,L,3,W,Keen,,7.5
026_10_L_04.tiff,146,L,4,W,Keen,,7.5
026_10_L_05.tiff,146,L,5,W,Keen,,7.5
026_10_R_01.tiff,146,R,1,W,Keen,,7.5
026_10_R_02.tiff,146,R,2,W,Keen,,7.5
026_10_R_03.tiff,146,R,3,W,Keen,,7.5
026_10_R_04.tiff,146,R,4,W,Keen,,7.5
026_10_R_05.tiff,146,R,5,W,Keen,,7.5
026_11_L_01.tiff,147,L,1,W,Simply vera,,7.5
026_11_L_02.tiff,147,L,2,W,Simply vera,,7.5
026_11_L_03.tiff,147,L,3,W,Simply vera,,7.5
026_11_L_04.tiff,147,L,4,W,Simply vera,,7.5
026_11_L_05.tiff,147,L,5,W,Simply vera,,7.5
026_11_R_03.tiff,147,R,3,W,Simply vera,,7.5
026_11_R_01.tiff,147,R,1,W,Simply vera,,7.5
026_11_R_02.tiff,147,R,2,W,Simply vera,,7.5
026_11_R_04.tiff,147,R,4,W,Simply vera,,7.5
026_11_R_05.tiff,147,R,5,W,Simply vera,,7.5
026_12_L_01.tiff,148,L,1,W,Arizona,,8
026_12_L_02.tiff,148,L,2,W,Arizona,,8
026_12_L_03.tiff,148,L,3,W,Arizona,,8
026_12_L_04.tiff,148,L,4,W,Arizona,,8
026_12_L_05.tiff,148,L,5,W,Arizona,,8
026_12_R_01.tiff,148,R,1,W,Arizona,,8
026_12_R_02.tiff,148,R,2,W,Arizona,,8
026_12_R_03.tiff,148,R,3,W,Arizona,,8
026_12_R_04.tiff,148,R,4,W,Arizona,,8
026_12_R_05.tiff,148,R,5,W,Arizona,,8
027_01_L_01.tiff,149,L,1,W,Nike,,10.5
027_01_L_02.tiff,149,L,2,W,Nike,,10.5
027_01_L_03.tiff,149,L,3,W,Nike,,10.5
027_01_L_04.tiff,149,L,4,W,Nike,,10.5
027_01_L_05.tiff,149,L,5,W,Nike,,10.5
027_01_R_01.tiff,149,R,1,W,Nike,,10.5
027_01_R_02.tiff,149,R,2,W,Nike,,10.5
027_01_R_03.tiff,149,R,3,W,Nike,,10.5
027_01_R_04.tiff,149,R,4,W,Nike,,10.5
027_01_R_05.tiff,149,R,5,W,Nike,,10.5
028_01_L_01.tiff,150,L,1,M,Asics,,12
028_01_L_02.tiff,150,L,2,M,Asics,,12
028_01_L_03.tiff,150,L,3,M,Asics,,12
028_01_L_04.tiff,150,L,4,M,Asics,,12
028_01_L_05.tiff,150,L,5,M,Asics,,12
028_01_R_01.tiff,150,R,1,M,Asics,,12
028_01_R_02.tiff,150,R,2,M,Asics,,12
028_01_R_03.tiff,150,R,3,M,Asics,,12
028_01_R_04.tiff,150,R,4,M,Asics,,12
028_01_R_05.tiff,150,R,5,M,Asics,,12
