File Name,ID,Foot,Replicate,Gender,Brand,Model/Details,Size
001_01_L_01.tiff,1,L,01,W,Converse,,5.5
001_01_L_02.tiff,1,L,02,W,Converse,,5.5
001_01_L_03.tiff,1,L,03,W,Converse,,5.5
001_01_L_04.tiff,1,L,04,W,Converse,,5.5
001_01_L_05.tiff,1,L,05,W,Converse,,5.5
001_01_R_01.tiff,1,R,01,W,Converse,,5.5
001_01_R_02.tiff,1,R,02,W,Converse,,5.5
001_01_R_03.tiff,1,R,03,W,Converse,,5.5
001_01_R_04.tiff,1,R,04,W,Converse,,5.5
001_01_R_05.tiff,1,R,05,W,Converse,,5.5
002_01_L_01.tiff,2,L,01,M,Saucony,cohesion_xt600,9.5
002_01_L_02.tiff,2,L,02,M,Saucony,cohesion_xt600,9.5
002_01_L_03.tiff,2,L,03,M,Saucony,cohesion_xt600,9.5
002_01_L_04.tiff,2,L,04,M,Saucony,cohesion_xt600,9.5
002_01_L_05.tiff,2,L,05,M,Saucony,cohesion_xt600,9.5
002_01_R_01.tiff,2,R,01,M,Saucony,cohesion_xt600,9.5
002_01_R_02.tiff,2,R,02,M,Saucony,cohesion_xt600,9.5
002_01_R_03.tiff,2,R,03,M,Saucony,cohesion_xt600,9.5
002_01_R_04.tiff,2,R,04,M,Saucony,cohesion_xt600,9.5
002_01_R_05.tiff,2,R,05,M,Saucony,cohesion_xt600,9.5
002_02_L_01.tiff,3,L,01,M,Saucony,ride5,9.5
002_02_L_02.tiff,3,L,02,M,Saucony,ride5,9.5
002_02_L_03.tiff,3,L,03,M,Saucony,ride5,9.5
002_02_L_04.tiff,3,L,04,M,Saucony,ride5,9.5
002_02_L_05.tiff,3,L,05,M,Saucony,ride5,9.5
002_02_R_01.tiff,3,R,01,M,Saucony,ride5,9.5
002_02_R_02.tiff,3,R,02,M,Saucony,ride5,9.5
002_02_R_03.tiff,3,R,03,M,Saucony,ride5,9.5
002_02_R_04.tiff,3,R,04,M,Saucony,ride5,9.5
002_02_R_05.tiff,3,R,05,M,Saucony,ride5,9.5
002_05_L_01.tiff,4,L,01,M,Saucony,stratos4,9.5
002_05_L_02.tiff,4,L,02,M,Saucony,stratos4,9.5
002_05_L_03.tiff,4,L,03,M,Saucony,stratos4,9.5
002_05_L_04.tiff,4,L,04,M,Saucony,stratos4,9.5
002_05_L_05.tiff,4,L,05,M,Saucony,stratos4,9.5
002_05_R_01.tiff,4,R,01,M,Saucony,stratos4,9.5
002_05_R_02.tiff,4,R,02,M,Saucony,stratos4,9.5
002_05_R_03.tiff,4,R,03,M,Saucony,stratos4,9.5
002_05_R_04.tiff,4,R,04,M,Saucony,stratos4,9.5
002_05_R_05.tiff,4,R,05,M,Saucony,stratos4,9.5
002_06_L_01.tiff,5,L,01,M,Saucony,phantom,9.5
002_06_L_02.tiff,5,L,02,M,Saucony,phantom,9.5
002_06_L_03.tiff,5,L,03,M,Saucony,phantom,9.5
002_06_L_04.tiff,5,L,04,M,Saucony,phantom,9.5
002_06_L_05.tiff,5,L,05,M,Saucony,phantom,9.5
002_06_R_01.tiff,5,R,01,M,Saucony,phantom,9.5
002_06_R_02.tiff,5,R,02,M,Saucony,phantom,9.5
002_06_R_03.tiff,5,R,03,M,Saucony,phantom,9.5
002_06_R_04.tiff,5,R,04,M,Saucony,phantom,9.5
002_06_R_05.tiff,5,R,05,M,Saucony,phantom,9.5
002_07_L_01.tiff,6,L,01,M,Saucony,guide9,9.5
002_07_L_02.tiff,6,L,02,M,Saucony,guide9,9.5
002_07_L_03.tiff,6,L,03,M,Saucony,guide9,9.5
002_07_L_04.tiff,6,L,04,M,Saucony,guide9,9.5
002_07_L_05.tiff,6,L,05,M,Saucony,guide9,9.5
002_07_R_01.tiff,6,R,01,M,Saucony,guide9,9.5
002_07_R_02.tiff,6,R,02,M,Saucony,guide9,9.5
002_07_R_03.tiff,6,R,03,M,Saucony,guide9,9.5
002_07_R_04.tiff,6,R,04,M,Saucony,guide9,9.5
002_07_R_05.tiff,6,R,05,M,Saucony,guide9,9.5
003_01_L_01.tiff,7,L,01,M,BAGO,extralight,10.0
003_01_L_02.tiff,7,L,02,M,BAGO,extralight,10.0
003_01_L_03.tiff,7,L,03,M,BAGO,extralight,10.0
003_01_L_04.tiff,7,L,04,M,BAGO,extralight,10.0
003_01_L_05.tiff,7,L,05,M,BAGO,extralight,10.0
003_01_R_01.tiff,7,R,01,M,BAGO,extralight,10.0
003_01_R_02.tiff,7,R,02,M,BAGO,extralight,10.0
003_01_R_03.tiff,7,R,03,M,BAGO,extralight,10.0
003_01_R_04.tiff,7,R,04,M,BAGO,extralight,10.0
003_01_R_05.tiff,7,R,05,M,BAGO,extralight,10.0
003_02_L_01.tiff,8,L,01,M,Court classic,,10.5
003_02_L_02.tiff,8,L,02,M,Court classic,,10.5
003_02_L_03.tiff,8,L,03,M,Court classic,,10.5
003_02_L_04.tiff,8,L,04,M,Court classic,,10.5
003_02_L_05.tiff,8,L,05,M,Court classic,,10.5
003_02_R_01.tiff,8,R,01,M,Court classic,,10.5
003_02_R_02.tiff,8,R,02,M,Court classic,,10.5
003_02_R_03.tiff,8,R,03,M,Court classic,,10.5
003_02_R_04.tiff,8,R,04,M,Court classic,,10.5
003_02_R_05.tiff,8,R,05,M,Court classic,,10.5
003_03_L_01.tiff,9,L,01,M,BASS,webster,10.5
003_03_L_02.tiff,9,L,02,M,BASS,webster,10.5
003_03_L_03.tiff,9,L,03,M,BASS,webster,10.5
003_03_L_04.tiff,9,L,04,M,BASS,webster,10.5
003_03_L_05.tiff,9,L,05,M,BASS,webster,10.5
003_03_R_01.tiff,9,R,01,M,BASS,webster,10.5
003_03_R_02.tiff,9,R,02,M,BASS,webster,10.5
003_03_R_03.tiff,9,R,03,M,BASS,webster,10.5
003_03_R_04.tiff,9,R,04,M,BASS,webster,10.5
003_03_R_05.tiff,9,R,05,M,BASS,webster,10.5
004_01_L_01.tiff,10,L,01,M,Nike,dual fusion ST2,9.5
004_01_L_02.tiff,10,L,02,M,Nike,dual fusion ST2,9.5
004_01_L_03.tiff,10,L,03,M,Nike,dual fusion ST2,9.5
004_01_L_04.tiff,10,L,04,M,Nike,dual fusion ST2,9.5
004_01_L_05.tiff,10,L,05,M,Nike,dual fusion ST2,9.5
004_01_R_01.tiff,10,R,01,M,Nike,dual fusion ST2,9.5
004_01_R_02.tiff,10,R,02,M,Nike,dual fusion ST2,9.5
004_01_R_03.tiff,10,R,03,M,Nike,dual fusion ST2,9.5
004_01_R_04.tiff,10,R,04,M,Nike,dual fusion ST2,9.5
004_01_R_05.tiff,10,R,05,M,Nike,dual fusion ST2,9.5
004_04_L_01.tiff,11,L,01,M,Asics,GT-2140,9.5
004_04_L_02.tiff,11,L,02,M,Asics,GT-2140,9.5
004_04_L_03.tiff,11,L,03,M,Asics,GT-2140,9.5
004_04_L_04.tiff,11,L,04,M,Asics,GT-2140,9.5
004_04_L_05.tiff,11,L,05,M,Asics,GT-2140,9.5
004_04_R_01.tiff,11,R,01,M,Asics,GT-2140,9.5
004_04_R_02.tiff,11,R,02,M,Asics,GT-2140,9.5
004_04_R_03.tiff,11,R,03,M,Asics,GT-2140,9.5
004_04_R_04.tiff,11,R,04,M,Asics,GT-2140,9.5
004_04_R_05.tiff,11,R,05,M,Asics,GT-2140,9.5
004_05_L_01.tiff,12,L,01,M,Asics,GT-2000,9.5
004_05_L_02.tiff,12,L,02,M,Asics,GT-2000,9.5
004_05_L_03.tiff,12,L,03,M,Asics,GT-2000,9.5
004_05_L_04.tiff,12,L,04,M,Asics,GT-2000,9.5
004_05_L_05.tiff,12,L,05,M,Asics,GT-2000,9.5
004_05_R_01.tiff,12,R,01,M,Asics,GT-2000,9.5
004_05_R_02.tiff,12,R,02,M,Asics,GT-2000,9.5
004_05_R_03.tiff,12,R,03,M,Asics,GT-2000,9.5
004_05_R_04.tiff,12,R,04,M,Asics,GT-2000,9.5
004_05_R_05.tiff,12,R,05,M,Asics,GT-2000,9.5
004_06_L_01.tiff,13,L,01,M,Asics,GEL-cumulus17,9.5
004_06_L_02.tiff,13,L,02,M,Asics,GEL-cumulus17,9.5
004_06_L_03.tiff,13,L,03,M,Asics,GEL-cumulus17,9.5
004_06_L_04.tiff,13,L,04,M,Asics,GEL-cumulus17,9.5
004_06_L_05.tiff,13,L,05,M,Asics,GEL-cumulus17,9.5
004_06_R_01.tiff,13,R,01,M,Asics,GEL-cumulus17,9.5
004_06_R_02.tiff,13,R,02,M,Asics,GEL-cumulus17,9.5
004_06_R_03.tiff,13,R,03,M,Asics,GEL-cumulus17,9.5
004_06_R_04.tiff,13,R,04,M,Asics,GEL-cumulus17,9.5
004_06_R_05.tiff,13,R,05,M,Asics,GEL-cumulus17,9.5
004_07_L_01.tiff,14,L,01,M,Asics,GEL-sonoma2,9.5
004_07_L_02.tiff,14,L,02,M,Asics,GEL-sonoma2,9.5
004_07_L_03.tiff,14,L,03,M,Asics,GEL-sonoma2,9.5
004_07_L_04.tiff,14,L,04,M,Asics,GEL-sonoma2,9.5
004_07_L_05.tiff,14,L,05,M,Asics,GEL-sonoma2,9.5
004_07_R_01.tiff,14,R,01,M,Asics,GEL-sonoma2,9.5
004_07_R_02.tiff,14,R,02,M,Asics,GEL-sonoma2,9.5
004_07_R_03.tiff,14,R,03,M,Asics,GEL-sonoma2,9.5
004_07_R_04.tiff,14,R,04,M,Asics,GEL-sonoma2,9.5
004_07_R_05.tiff,14,R,05,M,Asics,GEL-sonoma2,9.5
005_01_L_01.tiff,15,L,01,W,Shoedy,,7.5
005_01_L_02.tiff,15,L,02,W,Shoedy,,7.5
005_01_L_03.tiff,15,L,03,W,Shoedy,,7.5
005_01_L_04.tiff,15,L,04,W,Shoedy,,7.5
005_01_L_05.tiff,15,L,05,W,Shoedy,,7.5
005_01_R_01.tiff,15,R,01,W,Shoedy,,7.5
005_01_R_02.tiff,15,R,02,W,Shoedy,,7.5
005_01_R_03.tiff,15,R,03,W,Shoedy,,7.5
005_01_R_04.tiff,15,R,04,W,Shoedy,,7.5
005_01_R_05.tiff,15,R,05,W,Shoedy,,7.5
005_02_L_01.tiff,16,L,01,W,Prospecs,,5.5
005_02_L_02.tiff,16,L,02,W,Prospecs,,5.5
005_02_L_03.tiff,16,L,03,W,Prospecs,,5.5
005_02_L_04.tiff,16,L,04,W,Prospecs,,5.5
005_02_L_05.tiff,16,L,05,W,Prospecs,,5.5
005_02_R_01.tiff,16,R,01,W,Prospecs,,5.5
005_02_R_02.tiff,16,R,02,W,Prospecs,,5.5
005_02_R_03.tiff,16,R,03,W,Prospecs,,5.5
005_02_R_04.tiff,16,R,04,W,Prospecs,,5.5
005_02_R_05.tiff,16,R,05,W,Prospecs,,5.5
005_03_L_01.tiff,17,L,01,W,HeyBear,,6.0
005_03_L_02.tiff,17,L,02,W,HeyBear,,6.0
005_03_L_03.tiff,17,L,03,W,HeyBear,,6.0
005_03_L_04.tiff,17,L,04,W,HeyBear,,6.0
005_03_L_05.tiff,17,L,05,W,HeyBear,,6.0
005_03_R_01.tiff,17,R,01,W,HeyBear,,6.0
005_03_R_02.tiff,17,R,02,W,HeyBear,,6.0
005_03_R_03.tiff,17,R,03,W,HeyBear,,6.0
005_03_R_04.tiff,17,R,04,W,HeyBear,,6.0
005_03_R_05.tiff,17,R,05,W,HeyBear,,6.0
005_04_L_01.tiff,18,L,01,W,Nike,,7.5
005_04_L_02.tiff,18,L,02,W,Nike,,7.5
005_04_L_03.tiff,18,L,03,W,Nike,,7.5
005_04_L_04.tiff,18,L,04,W,Nike,,7.5
005_04_L_05.tiff,18,L,05,W,Nike,,7.5
005_04_R_01.tiff,18,R,01,W,Nike,,7.5
005_04_R_02.tiff,18,R,02,W,Nike,,7.5
005_04_R_03.tiff,18,R,03,W,Nike,,7.5
005_04_R_04.tiff,18,R,04,W,Nike,,7.5
005_04_R_05.tiff,18,R,05,W,Nike,,7.5
005_05_L_01.tiff,19,L,01,W,Robin,,7.5
005_05_L_02.tiff,19,L,02,W,Robin,,7.5
005_05_L_03.tiff,19,L,03,W,Robin,,7.5
005_05_L_04.tiff,19,L,04,W,Robin,,7.5
005_05_L_05.tiff,19,L,05,W,Robin,,7.5
005_05_R_01.tiff,19,R,01,W,Robin,,7.5
005_05_R_02.tiff,19,R,02,W,Robin,,7.5
005_05_R_03.tiff,19,R,03,W,Robin,,7.5
005_05_R_04.tiff,19,R,04,W,Robin,,7.5
005_05_R_05.tiff,19,R,05,W,Robin,,7.5
005_06_L_01.tiff,20,L,01,W,Skechers,,7.0
005_06_L_02.tiff,20,L,02,W,Skechers,,7.0
005_06_L_03.tiff,20,L,03,W,Skechers,,7.0
005_06_L_04.tiff,20,L,04,W,Skechers,,7.0
005_06_L_05.tiff,20,L,05,W,Skechers,,7.0
005_06_R_01.tiff,20,R,01,W,Skechers,,7.0
005_06_R_02.tiff,20,R,02,W,Skechers,,7.0
005_06_R_03.tiff,20,R,03,W,Skechers,,7.0
005_06_R_04.tiff,20,R,04,W,Skechers,,7.0
005_06_R_05.tiff,20,R,05,W,Skechers,,7.0
005_07_L_01.tiff,21,L,01,W,Ninewest,,7.0
005_07_L_02.tiff,21,L,02,W,Ninewest,,7.0
005_07_L_03.tiff,21,L,03,W,Ninewest,,7.0
005_07_L_04.tiff,21,L,04,W,Ninewest,,7.0
005_07_L_05.tiff,21,L,05,W,Ninewest,,7.0
005_07_R_01.tiff,21,R,01,W,Ninewest,,7.0
005_07_R_02.tiff,21,R,02,W,Ninewest,,7.0
005_07_R_03.tiff,21,R,03,W,Ninewest,,7.0
005_07_R_04.tiff,21,R,04,W,Ninewest,,7.0
005_07_R_05.tiff,21,R,05,W,Ninewest,,7.0
005_08_L_01.tiff,22,L,01,W,T2R,,7.5
005_08_L_02.tiff,22,L,02,W,T2R,,7.5
005_08_L_03.tiff,22,L,03,W,T2R,,7.5
005_08_L_04.tiff,22,L,04,W,T2R,,7.5
005_08_L_05.tiff,22,L,05,W,T2R,,7.5
005_08_R_01.tiff,22,R,01,W,T2R,,7.5
005_08_R_02.tiff,22,R,02,W,T2R,,7.5
005_08_R_03.tiff,22,R,03,W,T2R,,7.5
005_08_R_04.tiff,22,R,04,W,T2R,,7.5
005_08_R_05.tiff,22,R,05,W,T2R,,7.5
005_09_L_01.tiff,23,L,01,W,T2R,,8.0
005_09_L_02.tiff,23,L,02,W,T2R,,8.0
005_09_L_03.tiff,23,L,03,W,T2R,,8.0
005_09_L_04.tiff,23,L,04,W,T2R,,8.0
005_09_L_05.tiff,23,L,05,W,T2R,,8.0
005_09_R_01.tiff,23,R,01,W,T2R,,8.0
005_09_R_02.tiff,23,R,02,W,T2R,,8.0
005_09_R_03.tiff,23,R,03,W,T2R,,8.0
005_09_R_04.tiff,23,R,04,W,T2R,,8.0
005_09_R_05.tiff,23,R,05,W,T2R,,8.0
005_10_L_01.tiff,24,L,01,W,Cooeli,,8.0
005_10_L_02.tiff,24,L,02,W,Cooeli,,8.0
005_10_L_03.tiff,24,L,03,W,Cooeli,,8.0
005_10_L_04.tiff,24,L,04,W,Cooeli,,8.0
005_10_L_05.tiff,24,L,05,W,Cooeli,,8.0
005_10_R_01.tiff,24,R,01,W,Cooeli,,8.0
005_10_R_02.tiff,24,R,02,W,Cooeli,,8.0
005_10_R_03.tiff,24,R,03,W,Cooeli,,8.0
005_10_R_04.tiff,24,R,04,W,Cooeli,,8.0
005_10_R_05.tiff,24,R,05,W,Cooeli,,8.0
005_11_L_01.tiff,25,L,01,W,Nike,Winflow,8.0
005_11_L_02.tiff,25,L,02,W,Nike,Winflow,8.0
005_11_L_03.tiff,25,L,03,W,Nike,Winflow,8.0
005_11_L_04.tiff,25,L,04,W,Nike,Winflow,8.0
005_11_L_05.tiff,25,L,05,W,Nike,Winflow,8.0
005_11_R_01.tiff,25,R,01,W,Nike,Winflow,8.0
005_11_R_02.tiff,25,R,02,W,Nike,Winflow,8.0
005_11_R_03.tiff,25,R,03,W,Nike,Winflow,8.0
005_11_R_04.tiff,25,R,04,W,Nike,Winflow,8.0
005_11_R_05.tiff,25,R,05,W,Nike,Winflow,8.0
006_01_L_01.tiff,26,L,01,W,Columbus,,7.0
006_01_L_02.tiff,26,L,02,W,Columbus,,7.0
006_01_L_03.tiff,26,L,03,W,Columbus,,7.0
006_01_L_04.tiff,26,L,04,W,Columbus,,7.0
006_01_L_05.tiff,26,L,05,W,Columbus,,7.0
006_01_R_01.tiff,26,R,01,W,Columbus,,7.0
006_01_R_02.tiff,26,R,02,W,Columbus,,7.0
006_01_R_03.tiff,26,R,03,W,Columbus,,7.0
006_01_R_04.tiff,26,R,04,W,Columbus,,7.0
006_01_R_05.tiff,26,R,05,W,Columbus,,7.0
006_02_L_01.tiff,27,L,01,W,Asics,,7.0
006_02_L_02.tiff,27,L,02,W,Asics,,7.0
006_02_L_03.tiff,27,L,03,W,Asics,,7.0
006_02_L_04.tiff,27,L,04,W,Asics,,7.0
006_02_L_05.tiff,27,L,05,W,Asics,,7.0
006_02_R_01.tiff,27,R,01,W,Asics,,7.0
006_02_R_02.tiff,27,R,02,W,Asics,,7.0
006_02_R_03.tiff,27,R,03,W,Asics,,7.0
006_02_R_04.tiff,27,R,04,W,Asics,,7.0
006_02_R_05.tiff,27,R,05,W,Asics,,7.0
006_03_L_01.tiff,28,L,01,W,Nike,,7.0
006_03_L_02.tiff,28,L,02,W,Nike,,7.0
006_03_L_03.tiff,28,L,03,W,Nike,,7.0
006_03_L_04.tiff,28,L,04,W,Nike,,7.0
006_03_L_05.tiff,28,L,05,W,Nike,,7.0
006_03_R_01.tiff,28,R,01,W,Nike,,7.0
006_03_R_02.tiff,28,R,02,W,Nike,,7.0
006_03_R_03.tiff,28,R,03,W,Nike,,7.0
006_03_R_04.tiff,28,R,04,W,Nike,,7.0
006_03_R_05.tiff,28,R,05,W,Nike,,7.0
006_04_L_01.tiff,29,L,01,W,Adidas,,6.0
006_04_L_02.tiff,29,L,02,W,Adidas,,6.0
006_04_L_03.tiff,29,L,03,W,Adidas,,6.0
006_04_L_04.tiff,29,L,04,W,Adidas,,6.0
006_04_L_05.tiff,29,L,05,W,Adidas,,6.0
006_04_R_01.tiff,29,R,01,W,Adidas,,6.0
006_04_R_02.tiff,29,R,02,W,Adidas,,6.0
006_04_R_03.tiff,29,R,03,W,Adidas,,6.0
006_04_R_04.tiff,29,R,04,W,Adidas,,6.0
006_04_R_05.tiff,29,R,05,W,Adidas,,6.0
007_01_L_01.tiff,30,L,01,M,Adidas,,11.0
007_01_L_02.tiff,30,L,02,M,Adidas,,11.0
007_01_L_03.tiff,30,L,03,M,Adidas,,11.0
007_01_L_04.tiff,30,L,04,M,Adidas,,11.0
007_01_L_05.tiff,30,L,05,M,Adidas,,11.0
007_01_R_01.tiff,30,R,01,M,Adidas,,11.0
007_01_R_02.tiff,30,R,02,M,Adidas,,11.0
007_01_R_03.tiff,30,R,03,M,Adidas,,11.0
007_01_R_04.tiff,30,R,04,M,Adidas,,11.0
007_01_R_05.tiff,30,R,05,M,Adidas,,11.0
007_02_L_01.tiff,31,L,01,M,Nike,,11.5
007_02_L_02.tiff,31,L,02,M,Nike,,11.5
007_02_L_03.tiff,31,L,03,M,Nike,,11.5
007_02_L_04.tiff,31,L,04,M,Nike,,11.5
007_02_L_05.tiff,31,L,05,M,Nike,,11.5
007_02_R_01.tiff,31,R,01,M,Nike,,11.5
007_02_R_02.tiff,31,R,02,M,Nike,,11.5
007_02_R_03.tiff,31,R,03,M,Nike,,11.5
007_02_R_04.tiff,31,R,04,M,Nike,,11.5
007_02_R_05.tiff,31,R,05,M,Nike,,11.5
007_03_L_01.tiff,32,L,01,M,Nike,,11.0
007_03_L_02.tiff,32,L,02,M,Nike,,11.0
007_03_L_03.tiff,32,L,03,M,Nike,,11.0
007_03_L_04.tiff,32,L,04,M,Nike,,11.0
007_03_L_05.tiff,32,L,05,M,Nike,,11.0
007_03_R_01.tiff,32,R,01,M,Nike,,11.0
007_03_R_02.tiff,32,R,02,M,Nike,,11.0
007_03_R_03.tiff,32,R,03,M,Nike,,11.0
007_03_R_04.tiff,32,R,04,M,Nike,,11.0
007_03_R_05.tiff,32,R,05,M,Nike,,11.0
007_04_L_01.tiff,33,L,01,M,Asics,,11.5
007_04_L_02.tiff,33,L,02,M,Asics,,11.5
007_04_L_03.tiff,33,L,03,M,Asics,,11.5
007_04_L_04.tiff,33,L,04,M,Asics,,11.5
007_04_L_05.tiff,33,L,05,M,Asics,,11.5
007_04_R_01.tiff,33,R,01,M,Asics,,11.5
007_04_R_02.tiff,33,R,02,M,Asics,,11.5
007_04_R_03.tiff,33,R,03,M,Asics,,11.5
007_04_R_04.tiff,33,R,04,M,Asics,,11.5
007_04_R_05.tiff,33,R,05,M,Asics,,11.5
007_05_L_01.tiff,34,L,01,M,Nike,,11.0
007_05_L_02.tiff,34,L,02,M,Nike,,11.0
007_05_L_03.tiff,34,L,03,M,Nike,,11.0
007_05_L_04.tiff,34,L,04,M,Nike,,11.0
007_05_L_05.tiff,34,L,05,M,Nike,,11.0
007_05_R_01.tiff,34,R,01,M,Nike,,11.0
007_05_R_02.tiff,34,R,02,M,Nike,,11.0
007_05_R_03.tiff,34,R,03,M,Nike,,11.0
007_05_R_04.tiff,34,R,04,M,Nike,,11.0
007_05_R_05.tiff,34,R,05,M,Nike,,11.0
007_06_L_01.tiff,35,L,01,M,Newbalance,,11.0
007_06_L_02.tiff,35,L,02,M,Newbalance,,11.0
007_06_L_03.tiff,35,L,03,M,Newbalance,,11.0
007_06_L_04.tiff,35,L,04,M,Newbalance,,11.0
007_06_L_05.tiff,35,L,05,M,Newbalance,,11.0
007_06_R_01.tiff,35,R,01,M,Newbalance,,11.0
007_06_R_02.tiff,35,R,02,M,Newbalance,,11.0
007_06_R_03.tiff,35,R,03,M,Newbalance,,11.0
007_06_R_04.tiff,35,R,04,M,Newbalance,,11.0
007_06_R_05.tiff,35,R,05,M,Newbalance,,11.0
008_01_L_01.tiff,36,L,01,M,Skechers,,9.5
008_01_L_02.tiff,36,L,02,M,Skechers,,9.5
008_01_L_03.tiff,36,L,03,M,Skechers,,9.5
008_01_L_04.tiff,36,L,04,M,Skechers,,9.5
008_01_L_05.tiff,36,L,05,M,Skechers,,9.5
008_01_R_01.tiff,36,R,01,M,Skechers,,9.5
008_01_R_02.tiff,36,R,02,M,Skechers,,9.5
008_01_R_03.tiff,36,R,03,M,Skechers,,9.5
008_01_R_04.tiff,36,R,04,M,Skechers,,9.5
008_01_R_05.tiff,36,R,05,M,Skechers,,9.5
008_02_L_01.tiff,37,L,01,M,Dockers,,10.0
008_02_L_02.tiff,37,L,02,M,Dockers,,10.0
008_02_L_03.tiff,37,L,03,M,Dockers,,10.0
008_02_L_04.tiff,37,L,04,M,Dockers,,10.0
008_02_L_05.tiff,37,L,05,M,Dockers,,10.0
008_02_R_01.tiff,37,R,01,M,Dockers,,10.0
008_02_R_02.tiff,37,R,02,M,Dockers,,10.0
008_02_R_03.tiff,37,R,03,M,Dockers,,10.0
008_02_R_04.tiff,37,R,04,M,Dockers,,10.0
008_02_R_05.tiff,37,R,05,M,Dockers,,10.0
008_03_L_01.tiff,38,L,01,M,Deer Stags,,10.0
008_03_L_02.tiff,38,L,02,M,Deer Stags,,10.0
008_03_L_03.tiff,38,L,03,M,Deer Stags,,10.0
008_03_L_04.tiff,38,L,04,M,Deer Stags,,10.0
008_03_L_05.tiff,38,L,05,M,Deer Stags,,10.0
008_03_R_01.tiff,38,R,01,M,Deer Stags,,10.0
008_03_R_02.tiff,38,R,02,M,Deer Stags,,10.0
008_03_R_03.tiff,38,R,03,M,Deer Stags,,10.0
008_03_R_04.tiff,38,R,04,M,Deer Stags,,10.0
008_03_R_05.tiff,38,R,05,M,Deer Stags,,10.0
008_04_L_01.tiff,39,L,01,M,Nike,Revolution 2,10.0
008_04_L_02.tiff,39,L,02,M,Nike,Revolution 2,10.0
008_04_L_03.tiff,39,L,03,M,Nike,Revolution 2,10.0
008_04_L_04.tiff,39,L,04,M,Nike,Revolution 2,10.0
008_04_L_05.tiff,39,L,05,M,Nike,Revolution 2,10.0
008_04_R_01.tiff,39,R,01,M,Nike,Revolution 2,10.0
008_04_R_02.tiff,39,R,02,M,Nike,Revolution 2,10.0
008_04_R_03.tiff,39,R,03,M,Nike,Revolution 2,10.0
008_04_R_04.tiff,39,R,04,M,Nike,Revolution 2,10.0
008_04_R_05.tiff,39,R,05,M,Nike,Revolution 2,10.0
008_05_L_01.tiff,40,L,01,M,Keen ,Daytona Sandal,10.0
008_05_L_02.tiff,40,L,02,M,Keen ,Daytona Sandal,10.0
008_05_L_03.tiff,40,L,03,M,Keen ,Daytona Sandal,10.0
008_05_L_04.tiff,40,L,04,M,Keen ,Daytona Sandal,10.0
008_05_L_05.tiff,40,L,05,M,Keen ,Daytona Sandal,10.0
008_05_R_01.tiff,40,R,01,M,Keen ,Daytona Sandal,10.0
008_05_R_02.tiff,40,R,02,M,Keen ,Daytona Sandal,10.0
008_05_R_03.tiff,40,R,03,M,Keen ,Daytona Sandal,10.0
008_05_R_04.tiff,40,R,04,M,Keen ,Daytona Sandal,10.0
008_05_R_05.tiff,40,R,05,M,Keen ,Daytona Sandal,10.0
008_06_L_01.tiff,41,L,01,M,Skechers,,10.0
008_06_L_02.tiff,41,L,02,M,Skechers,,10.0
008_06_L_03.tiff,41,L,03,M,Skechers,,10.0
008_06_L_04.tiff,41,L,04,M,Skechers,,10.0
008_06_L_05.tiff,41,L,05,M,Skechers,,10.0
008_06_R_01.tiff,41,R,01,M,Skechers,,10.0
008_06_R_02.tiff,41,R,02,M,Skechers,,10.0
008_06_R_03.tiff,41,R,03,M,Skechers,,10.0
008_06_R_04.tiff,41,R,04,M,Skechers,,10.0
008_06_R_05.tiff,41,R,05,M,Skechers,,10.0
009_01_L_01.tiff,42,L,01,W,Nike,zoom,10.5
009_01_L_02.tiff,42,L,02,W,Nike,zoom,10.5
009_01_L_03.tiff,42,L,03,W,Nike,zoom,10.5
009_01_L_04.tiff,42,L,04,W,Nike,zoom,10.5
009_01_L_05.tiff,42,L,05,W,Nike,zoom,10.5
009_01_R_01.tiff,42,R,01,W,Nike,zoom,10.5
009_01_R_02.tiff,42,R,02,W,Nike,zoom,10.5
009_01_R_03.tiff,42,R,03,W,Nike,zoom,10.5
009_01_R_04.tiff,42,R,04,W,Nike,zoom,10.5
009_01_R_05.tiff,42,R,05,W,Nike,zoom,10.5
009_02_L_01.tiff,43,L,01,W,Asics,Ahar,10.0
009_02_L_02.tiff,43,L,02,W,Asics,Ahar,10.0
009_02_L_03.tiff,43,L,03,W,Asics,Ahar,10.0
009_02_L_04.tiff,43,L,04,W,Asics,Ahar,10.0
009_02_L_05.tiff,43,L,05,W,Asics,Ahar,10.0
009_02_R_01.tiff,43,R,01,W,Asics,Ahar,10.0
009_02_R_02.tiff,43,R,02,W,Asics,Ahar,10.0
009_02_R_03.tiff,43,R,03,W,Asics,Ahar,10.0
009_02_R_04.tiff,43,R,04,W,Asics,Ahar,10.0
009_02_R_05.tiff,43,R,05,W,Asics,Ahar,10.0
009_03_L_01.tiff,44,L,01,W,Converse,pink,10.0
009_03_L_02.tiff,44,L,02,W,Converse,pink,10.0
009_03_L_03.tiff,44,L,03,W,Converse,pink,10.0
009_03_L_04.tiff,44,L,04,W,Converse,pink,10.0
009_03_L_05.tiff,44,L,05,W,Converse,pink,10.0
009_03_R_01.tiff,44,R,01,W,Converse,pink,10.0
009_03_R_02.tiff,44,R,02,W,Converse,pink,10.0
009_03_R_03.tiff,44,R,03,W,Converse,pink,10.0
009_03_R_04.tiff,44,R,04,W,Converse,pink,10.0
009_03_R_05.tiff,44,R,05,W,Converse,pink,10.0
009_04_L_01.tiff,45,L,01,W,Converse,black,10.0
009_04_L_02.tiff,45,L,02,W,Converse,black,10.0
009_04_L_03.tiff,45,L,03,W,Converse,black,10.0
009_04_L_04.tiff,45,L,04,W,Converse,black,10.0
009_04_L_05.tiff,45,L,05,W,Converse,black,10.0
009_04_R_01.tiff,45,R,01,W,Converse,black,10.0
009_04_R_02.tiff,45,R,02,W,Converse,black,10.0
009_04_R_03.tiff,45,R,03,W,Converse,black,10.0
009_04_R_04.tiff,45,R,04,W,Converse,black,10.0
009_04_R_05.tiff,45,R,05,W,Converse,black,10.0
009_05_L_01.tiff,46,L,01,W,Converse,circle-patterns and white background,10.0
009_05_L_02.tiff,46,L,02,W,Converse,circle-patterns and white background,10.0
009_05_L_03.tiff,46,L,03,W,Converse,circle-patterns and white background,10.0
009_05_L_04.tiff,46,L,04,W,Converse,circle-patterns and white background,10.0
009_05_L_05.tiff,46,L,05,W,Converse,circle-patterns and white background,10.0
009_05_R_01.tiff,46,R,01,W,Converse,circle-patterns and white background,10.0
009_05_R_02.tiff,46,R,02,W,Converse,circle-patterns and white background,10.0
009_05_R_03.tiff,46,R,03,W,Converse,circle-patterns and white background,10.0
009_05_R_04.tiff,46,R,04,W,Converse,circle-patterns and white background,10.0
009_05_R_05.tiff,46,R,05,W,Converse,circle-patterns and white background,10.0
009_06_L_01.tiff,47,L,01,W,Converse,red,10.0
009_06_L_02.tiff,47,L,02,W,Converse,red,10.0
009_06_L_03.tiff,47,L,03,W,Converse,red,10.0
009_06_L_04.tiff,47,L,04,W,Converse,red,10.0
009_06_L_05.tiff,47,L,05,W,Converse,red,10.0
009_06_R_01.tiff,47,R,01,W,Converse,red,10.0
009_06_R_02.tiff,47,R,02,W,Converse,red,10.0
009_06_R_03.tiff,47,R,03,W,Converse,red,10.0
009_06_R_04.tiff,47,R,04,W,Converse,red,10.0
009_06_R_05.tiff,47,R,05,W,Converse,red,10.0
009_07_L_01.tiff,48,L,01,W,Truesoft,,11.0
009_07_L_02.tiff,48,L,02,W,Truesoft,,11.0
009_07_L_03.tiff,48,L,03,W,Truesoft,,11.0
009_07_L_04.tiff,48,L,04,W,Truesoft,,11.0
009_07_L_05.tiff,48,L,05,W,Truesoft,,11.0
009_07_R_01.tiff,48,R,01,W,Truesoft,,11.0
009_07_R_02.tiff,48,R,02,W,Truesoft,,11.0
009_07_R_03.tiff,48,R,03,W,Truesoft,,11.0
009_07_R_04.tiff,48,R,04,W,Truesoft,,11.0
009_07_R_05.tiff,48,R,05,W,Truesoft,,11.0
009_08_L_01.tiff,49,L,01,W,Asics,S563N,10.0
009_08_L_02.tiff,49,L,02,W,Asics,S563N,10.0
009_08_L_03.tiff,49,L,03,W,Asics,S563N,10.0
009_08_L_04.tiff,49,L,04,W,Asics,S563N,10.0
009_08_L_05.tiff,49,L,05,W,Asics,S563N,10.0
009_08_R_01.tiff,49,R,01,W,Asics,S563N,10.0
009_08_R_02.tiff,49,R,02,W,Asics,S563N,10.0
009_08_R_03.tiff,49,R,03,W,Asics,S563N,10.0
009_08_R_04.tiff,49,R,04,W,Asics,S563N,10.0
009_08_R_05.tiff,49,R,05,W,Asics,S563N,10.0
009_09_L_01.tiff,50,L,01,W,Newbalance,470 v2,10.0
009_09_L_02.tiff,50,L,02,W,Newbalance,470 v2,10.0
009_09_L_03.tiff,50,L,03,W,Newbalance,470 v2,10.0
009_09_L_04.tiff,50,L,04,W,Newbalance,470 v2,10.0
009_09_L_05.tiff,50,L,05,W,Newbalance,470 v2,10.0
009_09_R_01.tiff,50,R,01,W,Newbalance,470 v2,10.0
009_09_R_02.tiff,50,R,02,W,Newbalance,470 v2,10.0
009_09_R_03.tiff,50,R,03,W,Newbalance,470 v2,10.0
009_09_R_04.tiff,50,R,04,W,Newbalance,470 v2,10.0
009_09_R_05.tiff,50,R,05,W,Newbalance,470 v2,10.0
009_10_L_01.tiff,51,L,01,W,Sperry,,10.0
009_10_L_02.tiff,51,L,02,W,Sperry,,10.0
009_10_L_03.tiff,51,L,03,W,Sperry,,10.0
009_10_L_04.tiff,51,L,04,W,Sperry,,10.0
009_10_L_05.tiff,51,L,05,W,Sperry,,10.0
009_10_R_01.tiff,51,R,01,W,Sperry,,10.0
009_10_R_02.tiff,51,R,02,W,Sperry,,10.0
009_10_R_03.tiff,51,R,03,W,Sperry,,10.0
009_10_R_04.tiff,51,R,04,W,Sperry,,10.0
009_10_R_05.tiff,51,R,05,W,Sperry,,10.0
009_11_L_01.tiff,52,L,01,W,Sperry,,10.0
009_11_L_02.tiff,52,L,02,W,Sperry,,10.0
009_11_L_03.tiff,52,L,03,W,Sperry,,10.0
009_11_L_04.tiff,52,L,04,W,Sperry,,10.0
009_11_L_05.tiff,52,L,05,W,Sperry,,10.0
009_11_R_01.tiff,52,R,01,W,Sperry,,10.0
009_11_R_02.tiff,52,R,02,W,Sperry,,10.0
009_11_R_03.tiff,52,R,03,W,Sperry,,10.0
009_11_R_04.tiff,52,R,04,W,Sperry,,10.0
009_11_R_05.tiff,52,R,05,W,Sperry,,10.0
009_12_L_01.tiff,53,L,01,W,Sugar,,10.0
009_12_L_02.tiff,53,L,02,W,Sugar,,10.0
009_12_L_03.tiff,53,L,03,W,Sugar,,10.0
009_12_L_04.tiff,53,L,04,W,Sugar,,10.0
009_12_L_05.tiff,53,L,05,W,Sugar,,10.0
009_12_R_01.tiff,53,R,01,W,Sugar,,10.0
009_12_R_02.tiff,53,R,02,W,Sugar,,10.0
009_12_R_03.tiff,53,R,03,W,Sugar,,10.0
009_12_R_04.tiff,53,R,04,W,Sugar,,10.0
009_12_R_05.tiff,53,R,05,W,Sugar,,10.0
010_01_L_01.tiff,54,L,01,M,Skechers,,12.0
010_01_L_02.tiff,54,L,02,M,Skechers,,12.0
010_01_L_03.tiff,54,L,03,M,Skechers,,12.0
010_01_L_04.tiff,54,L,04,M,Skechers,,12.0
010_01_L_05.tiff,54,L,05,M,Skechers,,12.0
010_01_R_01.tiff,54,R,01,M,Skechers,,12.0
010_01_R_02.tiff,54,R,02,M,Skechers,,12.0
010_01_R_03.tiff,54,R,03,M,Skechers,,12.0
010_01_R_04.tiff,54,R,04,M,Skechers,,12.0
010_01_R_05.tiff,54,R,05,M,Skechers,,12.0
010_02_L_01.tiff,55,L,01,M,Skechers,,12.0
010_02_L_02.tiff,55,L,02,M,Skechers,,12.0
010_02_L_03.tiff,55,L,03,M,Skechers,,12.0
010_02_L_04.tiff,55,L,04,M,Skechers,,12.0
010_02_L_05.tiff,55,L,05,M,Skechers,,12.0
010_02_R_01.tiff,55,R,01,M,Skechers,,12.0
010_02_R_02.tiff,55,R,02,M,Skechers,,12.0
010_02_R_03.tiff,55,R,03,M,Skechers,,12.0
010_02_R_04.tiff,55,R,04,M,Skechers,,12.0
010_02_R_05.tiff,55,R,05,M,Skechers,,12.0
010_03_L_01.tiff,56,L,01,M,Adidas,,12.0
010_03_L_02.tiff,56,L,02,M,Adidas,,12.0
010_03_L_03.tiff,56,L,03,M,Adidas,,12.0
010_03_L_04.tiff,56,L,04,M,Adidas,,12.0
010_03_L_05.tiff,56,L,05,M,Adidas,,12.0
010_03_R_01.tiff,56,R,01,M,Adidas,,12.0
010_03_R_02.tiff,56,R,02,M,Adidas,,12.0
010_03_R_03.tiff,56,R,03,M,Adidas,,12.0
010_03_R_04.tiff,56,R,04,M,Adidas,,12.0
010_03_R_05.tiff,56,R,05,M,Adidas,,12.0
011_01_L_01.tiff,57,L,01,M,Adidas,,11.5
011_01_L_02.tiff,57,L,02,M,Adidas,,11.5
011_01_L_03.tiff,57,L,03,M,Adidas,,11.5
011_01_L_04.tiff,57,L,04,M,Adidas,,11.5
011_01_L_05.tiff,57,L,05,M,Adidas,,11.5
011_01_R_01.tiff,57,R,01,M,Adidas,,11.5
011_01_R_02.tiff,57,R,02,M,Adidas,,11.5
011_01_R_03.tiff,57,R,03,M,Adidas,,11.5
011_01_R_04.tiff,57,R,04,M,Adidas,,11.5
011_01_R_05.tiff,57,R,05,M,Adidas,,11.5
011_02_L_01.tiff,58,L,01,M,None,,12.0
011_02_L_02.tiff,58,L,02,M,None,,12.0
011_02_L_03.tiff,58,L,03,M,None,,12.0
011_02_L_04.tiff,58,L,04,M,None,,12.0
011_02_L_05.tiff,58,L,05,M,None,,12.0
011_02_R_01.tiff,58,R,01,M,None,,12.0
011_02_R_02.tiff,58,R,02,M,None,,12.0
011_02_R_03.tiff,58,R,03,M,None,,12.0
011_02_R_04.tiff,58,R,04,M,None,,12.0
011_02_R_05.tiff,58,R,05,M,None,,12.0
011_03_L_01.tiff,59,L,01,M,Adidas,,10.0
011_03_L_02.tiff,59,L,02,M,Adidas,,10.0
011_03_L_03.tiff,59,L,03,M,Adidas,,10.0
011_03_L_04.tiff,59,L,04,M,Adidas,,10.0
011_03_L_05.tiff,59,L,05,M,Adidas,,10.0
011_03_R_01.tiff,59,R,01,M,Adidas,,10.0
011_03_R_02.tiff,59,R,02,M,Adidas,,10.0
011_03_R_03.tiff,59,R,03,M,Adidas,,10.0
011_03_R_04.tiff,59,R,04,M,Adidas,,10.0
011_03_R_05.tiff,59,R,05,M,Adidas,,10.0
011_04_L_01.tiff,60,L,01,M,Adidas,,10.0
011_04_L_02.tiff,60,L,02,M,Adidas,,10.0
011_04_L_03.tiff,60,L,03,M,Adidas,,10.0
011_04_L_04.tiff,60,L,04,M,Adidas,,10.0
011_04_L_05.tiff,60,L,05,M,Adidas,,10.0
011_04_R_01.tiff,60,R,01,M,Adidas,,10.0
011_04_R_02.tiff,60,R,02,M,Adidas,,10.0
011_04_R_03.tiff,60,R,03,M,Adidas,,10.0
011_04_R_04.tiff,60,R,04,M,Adidas,,10.0
011_04_R_05.tiff,60,R,05,M,Adidas,,10.0
011_05_L_01.tiff,61,L,01,M,Nike,,11.5
011_05_L_02.tiff,61,L,02,M,Nike,,11.5
011_05_L_03.tiff,61,L,03,M,Nike,,11.5
011_05_L_04.tiff,61,L,04,M,Nike,,11.5
011_05_L_05.tiff,61,L,05,M,Nike,,11.5
011_05_R_01.tiff,61,R,01,M,Nike,,11.5
011_05_R_02.tiff,61,R,02,M,Nike,,11.5
011_05_R_03.tiff,61,R,03,M,Nike,,11.5
011_05_R_04.tiff,61,R,04,M,Nike,,11.5
011_05_R_05.tiff,61,R,05,M,Nike,,11.5
011_06_L_01.tiff,62,L,01,M,Vans,,10.0
011_06_L_02.tiff,62,L,02,M,Vans,,10.0
011_06_L_03.tiff,62,L,03,M,Vans,,10.0
011_06_L_04.tiff,62,L,04,M,Vans,,10.0
011_06_L_05.tiff,62,L,05,M,Vans,,10.0
011_06_R_01.tiff,62,R,01,M,Vans,,10.0
011_06_R_02.tiff,62,R,02,M,Vans,,10.0
011_06_R_03.tiff,62,R,03,M,Vans,,10.0
011_06_R_04.tiff,62,R,04,M,Vans,,10.0
011_06_R_05.tiff,62,R,05,M,Vans,,10.0
011_07_L_01.tiff,63,L,01,M,Airspeed,,10.0
011_07_L_02.tiff,63,L,02,M,Airspeed,,10.0
011_07_L_03.tiff,63,L,03,M,Airspeed,,10.0
011_07_L_04.tiff,63,L,04,M,Airspeed,,10.0
011_07_L_05.tiff,63,L,05,M,Airspeed,,10.0
011_07_R_01.tiff,63,R,01,M,Airspeed,,10.0
011_07_R_02.tiff,63,R,02,M,Airspeed,,10.0
011_07_R_03.tiff,63,R,03,M,Airspeed,,10.0
011_07_R_04.tiff,63,R,04,M,Airspeed,,10.0
011_07_R_05.tiff,63,R,05,M,Airspeed,,10.0
012_01_L_01.tiff,64,L,01,M,Sorel,,7.5
012_01_L_02.tiff,64,L,02,M,Sorel,,7.5
012_01_L_03.tiff,64,L,03,M,Sorel,,7.5
012_01_L_04.tiff,64,L,04,M,Sorel,,7.5
012_01_L_05.tiff,64,L,05,M,Sorel,,7.5
012_01_R_01.tiff,64,R,01,M,Sorel,,7.5
012_01_R_02.tiff,64,R,02,M,Sorel,,7.5
012_01_R_03.tiff,64,R,03,M,Sorel,,7.5
012_01_R_04.tiff,64,R,04,M,Sorel,,7.5
012_01_R_05.tiff,64,R,05,M,Sorel,,7.5
012_02_L_01.tiff,65,L,01,M,Sorel,,8.0
012_02_L_02.tiff,65,L,02,M,Sorel,,8.0
012_02_L_03.tiff,65,L,03,M,Sorel,,8.0
012_02_L_04.tiff,65,L,04,M,Sorel,,8.0
012_02_L_05.tiff,65,L,05,M,Sorel,,8.0
012_02_R_01.tiff,65,R,01,M,Sorel,,8.0
012_02_R_02.tiff,65,R,02,M,Sorel,,8.0
012_02_R_03.tiff,65,R,03,M,Sorel,,8.0
012_02_R_04.tiff,65,R,04,M,Sorel,,8.0
012_02_R_05.tiff,65,R,05,M,Sorel,,8.0
012_03_L_01.tiff,66,L,01,M,Aldo,,7.5
012_03_L_02.tiff,66,L,02,M,Aldo,,7.5
012_03_L_03.tiff,66,L,03,M,Aldo,,7.5
012_03_L_04.tiff,66,L,04,M,Aldo,,7.5
012_03_L_05.tiff,66,L,05,M,Aldo,,7.5
012_03_R_01.tiff,66,R,01,M,Aldo,,7.5
012_03_R_02.tiff,66,R,02,M,Aldo,,7.5
012_03_R_03.tiff,66,R,03,M,Aldo,,7.5
012_03_R_04.tiff,66,R,04,M,Aldo,,7.5
012_03_R_05.tiff,66,R,05,M,Aldo,,7.5
012_04_L_01.tiff,67,L,01,M,Prospecs,,8.0
012_04_L_02.tiff,67,L,02,M,Prospecs,,8.0
012_04_L_03.tiff,67,L,03,M,Prospecs,,8.0
012_04_L_04.tiff,67,L,04,M,Prospecs,,8.0
012_04_L_05.tiff,67,L,05,M,Prospecs,,8.0
012_04_R_01.tiff,67,R,01,M,Prospecs,,8.0
012_04_R_02.tiff,67,R,02,M,Prospecs,,8.0
012_04_R_03.tiff,67,R,03,M,Prospecs,,8.0
012_04_R_04.tiff,67,R,04,M,Prospecs,,8.0
012_04_R_05.tiff,67,R,05,M,Prospecs,,8.0
012_05_L_01.tiff,68,L,01,M,Namuhana,,7.5
012_05_L_02.tiff,68,L,02,M,Namuhana,,7.5
012_05_L_03.tiff,68,L,03,M,Namuhana,,7.5
012_05_L_04.tiff,68,L,04,M,Namuhana,,7.5
012_05_L_05.tiff,68,L,05,M,Namuhana,,7.5
012_05_R_01.tiff,68,R,01,M,Namuhana,,7.5
012_05_R_02.tiff,68,R,02,M,Namuhana,,7.5
012_05_R_03.tiff,68,R,03,M,Namuhana,,7.5
012_05_R_04.tiff,68,R,04,M,Namuhana,,7.5
012_05_R_05.tiff,68,R,05,M,Namuhana,,7.5
012_06_L_01.tiff,69,L,01,M,Adidas,,7.0
012_06_L_02.tiff,69,L,02,M,Adidas,,7.0
012_06_L_03.tiff,69,L,03,M,Adidas,,7.0
012_06_L_04.tiff,69,L,04,M,Adidas,,7.0
012_06_L_05.tiff,69,L,05,M,Adidas,,7.0
012_06_R_01.tiff,69,R,01,M,Adidas,,7.0
012_06_R_02.tiff,69,R,02,M,Adidas,,7.0
012_06_R_03.tiff,69,R,03,M,Adidas,,7.0
012_06_R_04.tiff,69,R,04,M,Adidas,,7.0
012_06_R_05.tiff,69,R,05,M,Adidas,,7.0
012_07_L_01.tiff,70,L,01,M,Puma,,7.5
012_07_L_02.tiff,70,L,02,M,Puma,,7.5
012_07_L_03.tiff,70,L,03,M,Puma,,7.5
012_07_L_04.tiff,70,L,04,M,Puma,,7.5
012_07_L_05.tiff,70,L,05,M,Puma,,7.5
012_07_R_01.tiff,70,R,01,M,Puma,,7.5
012_07_R_02.tiff,70,R,02,M,Puma,,7.5
012_07_R_03.tiff,70,R,03,M,Puma,,7.5
012_07_R_04.tiff,70,R,04,M,Puma,,7.5
012_07_R_05.tiff,70,R,05,M,Puma,,7.5
012_08_L_01.tiff,71,L,01,M,Adidas,,7.5
012_08_L_02.tiff,71,L,02,M,Adidas,,7.5
012_08_L_03.tiff,71,L,03,M,Adidas,,7.5
012_08_L_04.tiff,71,L,04,M,Adidas,,7.5
012_08_L_05.tiff,71,L,05,M,Adidas,,7.5
012_08_R_01.tiff,71,R,01,M,Adidas,,7.5
012_08_R_02.tiff,71,R,02,M,Adidas,,7.5
012_08_R_03.tiff,71,R,03,M,Adidas,,7.5
012_08_R_04.tiff,71,R,04,M,Adidas,,7.5
012_08_R_05.tiff,71,R,05,M,Adidas,,7.5
012_09_L_01.tiff,72,L,01,M,CalvinKlain,,7.0
012_09_L_02.tiff,72,L,02,M,CalvinKlain,,7.0
012_09_L_03.tiff,72,L,03,M,CalvinKlain,,7.0
012_09_L_04.tiff,72,L,04,M,CalvinKlain,,7.0
012_09_L_05.tiff,72,L,05,M,CalvinKlain,,7.0
012_09_R_01.tiff,72,R,01,M,CalvinKlain,,7.0
012_09_R_02.tiff,72,R,02,M,CalvinKlain,,7.0
012_09_R_03.tiff,72,R,03,M,CalvinKlain,,7.0
012_09_R_04.tiff,72,R,04,M,CalvinKlain,,7.0
012_09_R_05.tiff,72,R,05,M,CalvinKlain,,7.0
012_10_L_01.tiff,73,L,01,M,Teva,,7.0
012_10_L_02.tiff,73,L,02,M,Teva,,7.0
012_10_L_03.tiff,73,L,03,M,Teva,,7.0
012_10_L_04.tiff,73,L,04,M,Teva,,7.0
012_10_L_05.tiff,73,L,05,M,Teva,,7.0
012_10_R_01.tiff,73,R,01,M,Teva,,7.0
012_10_R_02.tiff,73,R,02,M,Teva,,7.0
012_10_R_03.tiff,73,R,03,M,Teva,,7.0
012_10_R_04.tiff,73,R,04,M,Teva,,7.0
012_10_R_05.tiff,73,R,05,M,Teva,,7.0
013_01_L_01.tiff,74,L,01,W,Newbalance,,7.0
013_01_L_02.tiff,74,L,02,W,Newbalance,,7.0
013_01_L_03.tiff,74,L,03,W,Newbalance,,7.0
013_01_L_04.tiff,74,L,04,W,Newbalance,,7.0
013_01_L_05.tiff,74,L,05,W,Newbalance,,7.0
013_01_R_01.tiff,74,R,01,W,Newbalance,,7.0
013_01_R_02.tiff,74,R,02,W,Newbalance,,7.0
013_01_R_03.tiff,74,R,03,W,Newbalance,,7.0
013_01_R_04.tiff,74,R,04,W,Newbalance,,7.0
013_01_R_05.tiff,74,R,05,W,Newbalance,,7.0
013_02_L_01.tiff,75,L,01,W,Fila,,7.0
013_02_L_02.tiff,75,L,02,W,Fila,,7.0
013_02_L_03.tiff,75,L,03,W,Fila,,7.0
013_02_L_04.tiff,75,L,04,W,Fila,,7.0
013_02_L_05.tiff,75,L,05,W,Fila,,7.0
013_02_R_01.tiff,75,R,01,W,Fila,,7.0
013_02_R_02.tiff,75,R,02,W,Fila,,7.0
013_02_R_03.tiff,75,R,03,W,Fila,,7.0
013_02_R_04.tiff,75,R,04,W,Fila,,7.0
013_02_R_05.tiff,75,R,05,W,Fila,,7.0
013_03_L_01.tiff,76,L,01,W,Birkenstock,,7.0
013_03_L_02.tiff,76,L,02,W,Birkenstock,,7.0
013_03_L_03.tiff,76,L,03,W,Birkenstock,,7.0
013_03_L_04.tiff,76,L,04,W,Birkenstock,,7.0
013_03_L_05.tiff,76,L,05,W,Birkenstock,,7.0
013_03_R_01.tiff,76,R,01,W,Birkenstock,,7.0
013_03_R_02.tiff,76,R,02,W,Birkenstock,,7.0
013_03_R_03.tiff,76,R,03,W,Birkenstock,,7.0
013_03_R_04.tiff,76,R,04,W,Birkenstock,,7.0
013_03_R_05.tiff,76,R,05,W,Birkenstock,,7.0
014_01_L_01.tiff,77,L,01,W,Shoopen,,8.0
014_01_L_02.tiff,77,L,02,W,Shoopen,,8.0
014_01_L_03.tiff,77,L,03,W,Shoopen,,8.0
014_01_L_04.tiff,77,L,04,W,Shoopen,,8.0
014_01_L_05.tiff,77,L,05,W,Shoopen,,8.0
014_01_R_01.tiff,77,R,01,W,Shoopen,,8.0
014_01_R_02.tiff,77,R,02,W,Shoopen,,8.0
014_01_R_03.tiff,77,R,03,W,Shoopen,,8.0
014_01_R_04.tiff,77,R,04,W,Shoopen,,8.0
014_01_R_05.tiff,77,R,05,W,Shoopen,,8.0
014_02_L_01.tiff,78,L,01,W,Shoopen,,7.0
014_02_L_02.tiff,78,L,02,W,Shoopen,,7.0
014_02_L_03.tiff,78,L,03,W,Shoopen,,7.0
014_02_L_04.tiff,78,L,04,W,Shoopen,,7.0
014_02_L_05.tiff,78,L,05,W,Shoopen,,7.0
014_02_R_01.tiff,78,R,01,W,Shoopen,,7.0
014_02_R_02.tiff,78,R,02,W,Shoopen,,7.0
014_02_R_03.tiff,78,R,03,W,Shoopen,,7.0
014_02_R_04.tiff,78,R,04,W,Shoopen,,7.0
014_02_R_05.tiff,78,R,05,W,Shoopen,,7.0
014_03_L_01.tiff,79,L,01,W,Shoopen,,7.0
014_03_L_02.tiff,79,L,02,W,Shoopen,,7.0
014_03_L_03.tiff,79,L,03,W,Shoopen,,7.0
014_03_L_04.tiff,79,L,04,W,Shoopen,,7.0
014_03_L_05.tiff,79,L,05,W,Shoopen,,7.0
014_03_R_01.tiff,79,R,01,W,Shoopen,,7.0
014_03_R_02.tiff,79,R,02,W,Shoopen,,7.0
014_03_R_03.tiff,79,R,03,W,Shoopen,,7.0
014_03_R_04.tiff,79,R,04,W,Shoopen,,7.0
014_03_R_05.tiff,79,R,05,W,Shoopen,,7.0
015_01_L_01.tiff,80,L,01,M,Asics,,10.0
015_01_L_02.tiff,80,L,02,M,Asics,,10.0
015_01_L_03.tiff,80,L,03,M,Asics,,10.0
015_01_L_04.tiff,80,L,04,M,Asics,,10.0
015_01_L_05.tiff,80,L,05,M,Asics,,10.0
015_01_R_01.tiff,80,R,01,M,Asics,,10.0
015_01_R_02.tiff,80,R,02,M,Asics,,10.0
015_01_R_03.tiff,80,R,03,M,Asics,,10.0
015_01_R_04.tiff,80,R,04,M,Asics,,10.0
015_01_R_05.tiff,80,R,05,M,Asics,,10.0
015_02_L_01.tiff,81,L,01,M,Adidas,,9.5
015_02_L_02.tiff,81,L,02,M,Adidas,,9.5
015_02_L_03.tiff,81,L,03,M,Adidas,,9.5
015_02_L_04.tiff,81,L,04,M,Adidas,,9.5
015_02_L_05.tiff,81,L,05,M,Adidas,,9.5
015_02_R_01.tiff,81,R,01,M,Adidas,,9.5
015_02_R_02.tiff,81,R,02,M,Adidas,,9.5
015_02_R_03.tiff,81,R,03,M,Adidas,,9.5
015_02_R_04.tiff,81,R,04,M,Adidas,,9.5
015_02_R_05.tiff,81,R,05,M,Adidas,,9.5
015_03_L_01.tiff,82,L,01,M,Yonex,,9.0
015_03_L_02.tiff,82,L,02,M,Yonex,,9.0
015_03_L_03.tiff,82,L,03,M,Yonex,,9.0
015_03_L_04.tiff,82,L,04,M,Yonex,,9.0
015_03_L_05.tiff,82,L,05,M,Yonex,,9.0
015_03_R_01.tiff,82,R,01,M,Yonex,,9.0
015_03_R_02.tiff,82,R,02,M,Yonex,,9.0
015_03_R_03.tiff,82,R,03,M,Yonex,,9.0
015_03_R_04.tiff,82,R,04,M,Yonex,,9.0
015_03_R_05.tiff,82,R,05,M,Yonex,,9.0
016_01_L_01.tiff,83,L,01,W,Nike,,7.5
016_01_L_02.tiff,83,L,02,W,Nike,,7.5
016_01_L_03.tiff,83,L,03,W,Nike,,7.5
016_01_L_04.tiff,83,L,04,W,Nike,,7.5
016_01_L_05.tiff,83,L,05,W,Nike,,7.5
016_01_R_01.tiff,83,R,01,W,Nike,,7.5
016_01_R_02.tiff,83,R,02,W,Nike,,7.5
016_01_R_03.tiff,83,R,03,W,Nike,,7.5
016_01_R_04.tiff,83,R,04,W,Nike,,7.5
016_01_R_05.tiff,83,R,05,W,Nike,,7.5
016_02_L_01.tiff,84,L,01,W,Adidas,,5.5
016_02_L_02.tiff,84,L,02,W,Adidas,,5.5
016_02_L_03.tiff,84,L,03,W,Adidas,,5.5
016_02_L_04.tiff,84,L,04,W,Adidas,,5.5
016_02_L_05.tiff,84,L,05,W,Adidas,,5.5
016_02_R_01.tiff,84,R,01,W,Adidas,,5.5
016_02_R_02.tiff,84,R,02,W,Adidas,,5.5
016_02_R_03.tiff,84,R,03,W,Adidas,,5.5
016_02_R_04.tiff,84,R,04,W,Adidas,,5.5
016_02_R_05.tiff,84,R,05,W,Adidas,,5.5
017_01_L_01.tiff,85,L,01,W,Nike,,6.0
017_01_L_02.tiff,85,L,02,W,Nike,,6.0
017_01_L_03.tiff,85,L,03,W,Nike,,6.0
017_01_L_04.tiff,85,L,04,W,Nike,,6.0
017_01_L_05.tiff,85,L,05,W,Nike,,6.0
017_01_R_01.tiff,85,R,01,W,Nike,,6.0
017_01_R_02.tiff,85,R,02,W,Nike,,6.0
017_01_R_03.tiff,85,R,03,W,Nike,,6.0
017_01_R_04.tiff,85,R,04,W,Nike,,6.0
017_01_R_05.tiff,85,R,05,W,Nike,,6.0
017_02_L_01.tiff,86,L,01,W,None,,5.0
017_02_L_02.tiff,86,L,02,W,None,,5.0
017_02_L_03.tiff,86,L,03,W,None,,5.0
017_02_L_04.tiff,86,L,04,W,None,,5.0
017_02_L_05.tiff,86,L,05,W,None,,5.0
017_02_R_01.tiff,86,R,01,W,None,,5.0
017_02_R_02.tiff,86,R,02,W,None,,5.0
017_02_R_03.tiff,86,R,03,W,None,,5.0
017_02_R_04.tiff,86,R,04,W,None,,5.0
017_02_R_05.tiff,86,R,05,W,None,,5.0
017_03_L_01.tiff,87,L,01,W,Ofem,,5.5
017_03_L_02.tiff,87,L,02,W,Ofem,,5.5
017_03_L_03.tiff,87,L,03,W,Ofem,,5.5
017_03_L_04.tiff,87,L,04,W,Ofem,,5.5
017_03_L_05.tiff,87,L,05,W,Ofem,,5.5
017_03_R_01.tiff,87,R,01,W,Ofem,,5.5
017_03_R_02.tiff,87,R,02,W,Ofem,,5.5
017_03_R_03.tiff,87,R,03,W,Ofem,,5.5
017_03_R_04.tiff,87,R,04,W,Ofem,,5.5
017_03_R_05.tiff,87,R,05,W,Ofem,,5.5
017_04_L_01.tiff,88,L,01,W,Namuhana,,5.5
017_04_L_02.tiff,88,L,02,W,Namuhana,,5.5
017_04_L_03.tiff,88,L,03,W,Namuhana,,5.5
017_04_L_04.tiff,88,L,04,W,Namuhana,,5.5
017_04_L_05.tiff,88,L,05,W,Namuhana,,5.5
017_04_R_01.tiff,88,R,01,W,Namuhana,,5.5
017_04_R_02.tiff,88,R,02,W,Namuhana,,5.5
017_04_R_03.tiff,88,R,03,W,Namuhana,,5.5
017_04_R_04.tiff,88,R,04,W,Namuhana,,5.5
017_04_R_05.tiff,88,R,05,W,Namuhana,,5.5
017_05_L_01.tiff,89,L,01,W,Elcanto,,6.0
017_05_L_02.tiff,89,L,02,W,Elcanto,,6.0
017_05_L_03.tiff,89,L,03,W,Elcanto,,6.0
017_05_L_04.tiff,89,L,04,W,Elcanto,,6.0
017_05_L_05.tiff,89,L,05,W,Elcanto,,6.0
017_05_R_01.tiff,89,R,01,W,Elcanto,,6.0
017_05_R_02.tiff,89,R,02,W,Elcanto,,6.0
017_05_R_03.tiff,89,R,03,W,Elcanto,,6.0
017_05_R_04.tiff,89,R,04,W,Elcanto,,6.0
017_05_R_05.tiff,89,R,05,W,Elcanto,,6.0
017_06_L_01.tiff,90,L,01,W,Guho,,5.5
017_06_L_02.tiff,90,L,02,W,Guho,,5.5
017_06_L_03.tiff,90,L,03,W,Guho,,5.5
017_06_L_04.tiff,90,L,04,W,Guho,,5.5
017_06_L_05.tiff,90,L,05,W,Guho,,5.5
017_06_R_01.tiff,90,R,01,W,Guho,,5.5
017_06_R_02.tiff,90,R,02,W,Guho,,5.5
017_06_R_03.tiff,90,R,03,W,Guho,,5.5
017_06_R_04.tiff,90,R,04,W,Guho,,5.5
017_06_R_05.tiff,90,R,05,W,Guho,,5.5
018_01_L_01.tiff,91,L,01,M,Sperry,,8.5
018_01_L_02.tiff,91,L,02,M,Sperry,,8.5
018_01_L_03.tiff,91,L,03,M,Sperry,,8.5
018_01_L_04.tiff,91,L,04,M,Sperry,,8.5
018_01_L_05.tiff,91,L,05,M,Sperry,,8.5
018_01_R_01.tiff,91,R,01,M,Sperry,,8.5
018_01_R_02.tiff,91,R,02,M,Sperry,,8.5
018_01_R_03.tiff,91,R,03,M,Sperry,,8.5
018_01_R_04.tiff,91,R,04,M,Sperry,,8.5
018_01_R_05.tiff,91,R,05,M,Sperry,,8.5
018_02_L_01.tiff,92,L,01,M,Asics,,9.0
018_02_L_02.tiff,92,L,02,M,Asics,,9.0
018_02_L_03.tiff,92,L,03,M,Asics,,9.0
018_02_L_04.tiff,92,L,04,M,Asics,,9.0
018_02_L_05.tiff,92,L,05,M,Asics,,9.0
018_02_R_01.tiff,92,R,01,M,Asics,,9.0
018_02_R_02.tiff,92,R,02,M,Asics,,9.0
018_02_R_03.tiff,92,R,03,M,Asics,,9.0
018_02_R_04.tiff,92,R,04,M,Asics,,9.0
018_02_R_05.tiff,92,R,05,M,Asics,,9.0
018_03_L_01.tiff,93,L,01,M,Vibram,,8.5
018_03_L_02.tiff,93,L,02,M,Vibram,,8.5
018_03_L_03.tiff,93,L,03,M,Vibram,,8.5
018_03_L_04.tiff,93,L,04,M,Vibram,,8.5
018_03_L_05.tiff,93,L,05,M,Vibram,,8.5
018_03_R_01.tiff,93,R,01,M,Vibram,,8.5
018_03_R_02.tiff,93,R,02,M,Vibram,,8.5
018_03_R_03.tiff,93,R,03,M,Vibram,,8.5
018_03_R_04.tiff,93,R,04,M,Vibram,,8.5
018_03_R_05.tiff,93,R,05,M,Vibram,,8.5
018_04_L_01.tiff,94,L,01,M,Sperry,,8.5
018_04_L_02.tiff,94,L,02,M,Sperry,,8.5
018_04_L_03.tiff,94,L,03,M,Sperry,,8.5
018_04_L_04.tiff,94,L,04,M,Sperry,,8.5
018_04_L_05.tiff,94,L,05,M,Sperry,,8.5
018_04_R_01.tiff,94,R,01,M,Sperry,,8.5
018_04_R_02.tiff,94,R,02,M,Sperry,,8.5
018_04_R_03.tiff,94,R,03,M,Sperry,,8.5
018_04_R_04.tiff,94,R,04,M,Sperry,,8.5
018_04_R_05.tiff,94,R,05,M,Sperry,,8.5
019_01_L_01.tiff,95,L,01,W,Landya,,7.0
019_01_L_02.tiff,95,L,02,W,Landya,,7.0
019_01_L_03.tiff,95,L,03,W,Landya,,7.0
019_01_L_04.tiff,95,L,04,W,Landya,,7.0
019_01_L_05.tiff,95,L,05,W,Landya,,7.0
019_01_R_01.tiff,95,R,01,W,Landya,,7.0
019_01_R_02.tiff,95,R,02,W,Landya,,7.0
019_01_R_03.tiff,95,R,03,W,Landya,,7.0
019_01_R_04.tiff,95,R,04,W,Landya,,7.0
019_01_R_05.tiff,95,R,05,W,Landya,,7.0
019_02_L_01.tiff,96,L,01,W,Adidas,,5.0
019_02_L_02.tiff,96,L,02,W,Adidas,,5.0
019_02_L_03.tiff,96,L,03,W,Adidas,,5.0
019_02_L_04.tiff,96,L,04,W,Adidas,,5.0
019_02_L_05.tiff,96,L,05,W,Adidas,,5.0
019_02_R_01.tiff,96,R,01,W,Adidas,,5.0
019_02_R_02.tiff,96,R,02,W,Adidas,,5.0
019_02_R_03.tiff,96,R,03,W,Adidas,,5.0
019_02_R_04.tiff,96,R,04,W,Adidas,,5.0
019_02_R_05.tiff,96,R,05,W,Adidas,,5.0
019_03_L_01.tiff,97,L,01,W,Nike,,7.5
019_03_L_02.tiff,97,L,02,W,Nike,,7.5
019_03_L_03.tiff,97,L,03,W,Nike,,7.5
019_03_L_04.tiff,97,L,04,W,Nike,,7.5
019_03_L_05.tiff,97,L,05,W,Nike,,7.5
019_03_R_01.tiff,97,R,01,W,Nike,,7.5
019_03_R_02.tiff,97,R,02,W,Nike,,7.5
019_03_R_03.tiff,97,R,03,W,Nike,,7.5
019_03_R_04.tiff,97,R,04,W,Nike,,7.5
019_03_R_05.tiff,97,R,05,W,Nike,,7.5
020_01_L_01.tiff,98,L,01,M,Airwalk,,8.5
020_01_L_02.tiff,98,L,02,M,Airwalk,,8.5
020_01_L_03.tiff,98,L,03,M,Airwalk,,8.5
020_01_L_04.tiff,98,L,04,M,Airwalk,,8.5
020_01_L_05.tiff,98,L,05,M,Airwalk,,8.5
020_01_R_01.tiff,98,R,01,M,Airwalk,,8.5
020_01_R_02.tiff,98,R,02,M,Airwalk,,8.5
020_01_R_03.tiff,98,R,03,M,Airwalk,,8.5
020_01_R_04.tiff,98,R,04,M,Airwalk,,8.5
020_01_R_05.tiff,98,R,05,M,Airwalk,,8.5
020_02_L_01.tiff,99,L,01,M,Skechers,relaxedfit,10.0
020_02_L_02.tiff,99,L,02,M,Skechers,relaxedfit,10.0
020_02_L_03.tiff,99,L,03,M,Skechers,relaxedfit,10.0
020_02_L_04.tiff,99,L,04,M,Skechers,relaxedfit,10.0
020_02_L_05.tiff,99,L,05,M,Skechers,relaxedfit,10.0
020_02_R_01.tiff,99,R,01,M,Skechers,relaxedfit,10.0
020_02_R_02.tiff,99,R,02,M,Skechers,relaxedfit,10.0
020_02_R_03.tiff,99,R,03,M,Skechers,relaxedfit,10.0
020_02_R_04.tiff,99,R,04,M,Skechers,relaxedfit,10.0
020_02_R_05.tiff,99,R,05,M,Skechers,relaxedfit,10.0
020_03_L_01.tiff,100,L,01,M,Sperry,top-sider,9.0
020_03_L_02.tiff,100,L,02,M,Sperry,top-sider,9.0
020_03_L_03.tiff,100,L,03,M,Sperry,top-sider,9.0
020_03_L_04.tiff,100,L,04,M,Sperry,top-sider,9.0
020_03_L_05.tiff,100,L,05,M,Sperry,top-sider,9.0
020_03_R_01.tiff,100,R,01,M,Sperry,top-sider,9.0
020_03_R_02.tiff,100,R,02,M,Sperry,top-sider,9.0
020_03_R_03.tiff,100,R,03,M,Sperry,top-sider,9.0
020_03_R_04.tiff,100,R,04,M,Sperry,top-sider,9.0
020_03_R_05.tiff,100,R,05,M,Sperry,top-sider,9.0
020_04_L_01.tiff,101,L,01,M,Soma,,9.5
020_04_L_02.tiff,101,L,02,M,Soma,,9.5
020_04_L_03.tiff,101,L,03,M,Soma,,9.5
020_04_L_04.tiff,101,L,04,M,Soma,,9.5
020_04_L_05.tiff,101,L,05,M,Soma,,9.5
020_04_R_01.tiff,101,R,01,M,Soma,,9.5
020_04_R_02.tiff,101,R,02,M,Soma,,9.5
020_04_R_03.tiff,101,R,03,M,Soma,,9.5
020_04_R_04.tiff,101,R,04,M,Soma,,9.5
020_04_R_05.tiff,101,R,05,M,Soma,,9.5
020_05_L_01.tiff,102,L,01,M,Feiyue,,10.0
020_05_L_02.tiff,102,L,02,M,Feiyue,,10.0
020_05_L_03.tiff,102,L,03,M,Feiyue,,10.0
020_05_L_04.tiff,102,L,04,M,Feiyue,,10.0
020_05_L_05.tiff,102,L,05,M,Feiyue,,10.0
020_05_R_01.tiff,102,R,01,M,Feiyue,,10.0
020_05_R_02.tiff,102,R,02,M,Feiyue,,10.0
020_05_R_03.tiff,102,R,03,M,Feiyue,,10.0
020_05_R_04.tiff,102,R,04,M,Feiyue,,10.0
020_05_R_05.tiff,102,R,05,M,Feiyue,,10.0
020_06_L_01.tiff,103,L,01,M,Vans,,9.5
020_06_L_02.tiff,103,L,02,M,Vans,,9.5
020_06_L_03.tiff,103,L,03,M,Vans,,9.5
020_06_L_04.tiff,103,L,04,M,Vans,,9.5
020_06_L_05.tiff,103,L,05,M,Vans,,9.5
020_06_R_01.tiff,103,R,01,M,Vans,,9.5
020_06_R_02.tiff,103,R,02,M,Vans,,9.5
020_06_R_03.tiff,103,R,03,M,Vans,,9.5
020_06_R_04.tiff,103,R,04,M,Vans,,9.5
020_06_R_05.tiff,103,R,05,M,Vans,,9.5
020_07_L_01.tiff,104,L,01,M,Skechers,,11.5
020_07_L_02.tiff,104,L,02,M,Skechers,,11.5
020_07_L_03.tiff,104,L,03,M,Skechers,,11.5
020_07_L_04.tiff,104,L,04,M,Skechers,,11.5
020_07_L_05.tiff,104,L,05,M,Skechers,,11.5
020_07_R_01.tiff,104,R,01,M,Skechers,,11.5
020_07_R_02.tiff,104,R,02,M,Skechers,,11.5
020_07_R_03.tiff,104,R,03,M,Skechers,,11.5
020_07_R_04.tiff,104,R,04,M,Skechers,,11.5
020_07_R_05.tiff,104,R,05,M,Skechers,,11.5
020_08_L_01.tiff,105,L,01,M,OP,Grendene,9.0
020_08_L_02.tiff,105,L,02,M,OP,Grendene,9.0
020_08_L_03.tiff,105,L,03,M,OP,Grendene,9.0
020_08_L_04.tiff,105,L,04,M,OP,Grendene,9.0
020_08_L_05.tiff,105,L,05,M,OP,Grendene,9.0
020_08_R_01.tiff,105,R,01,M,OP,Grendene,9.0
020_08_R_02.tiff,105,R,02,M,OP,Grendene,9.0
020_08_R_03.tiff,105,R,03,M,OP,Grendene,9.0
020_08_R_04.tiff,105,R,04,M,OP,Grendene,9.0
020_08_R_05.tiff,105,R,05,M,OP,Grendene,9.0
020_09_L_01.tiff,106,L,01,M,Stone,,9.0
020_09_L_02.tiff,106,L,02,M,Stone,,9.0
020_09_L_03.tiff,106,L,03,M,Stone,,9.0
020_09_L_04.tiff,106,L,04,M,Stone,,9.0
020_09_L_05.tiff,106,L,05,M,Stone,,9.0
020_09_R_01.tiff,106,R,01,M,Stone,,9.0
020_09_R_02.tiff,106,R,02,M,Stone,,9.0
020_09_R_03.tiff,106,R,03,M,Stone,,9.0
020_09_R_04.tiff,106,R,04,M,Stone,,9.0
020_09_R_05.tiff,106,R,05,M,Stone,,9.0
020_10_L_01.tiff,107,L,01,M,None,,10.0
020_10_L_02.tiff,107,L,02,M,None,,10.0
020_10_L_03.tiff,107,L,03,M,None,,10.0
020_10_L_04.tiff,107,L,04,M,None,,10.0
020_10_L_05.tiff,107,L,05,M,None,,10.0
020_10_R_01.tiff,107,R,01,M,None,,10.0
020_10_R_02.tiff,107,R,02,M,None,,10.0
020_10_R_03.tiff,107,R,03,M,None,,10.0
020_10_R_04.tiff,107,R,04,M,None,,10.0
020_10_R_05.tiff,107,R,05,M,None,,10.0
020_11_L_01.tiff,108,L,01,M,Nike,zoom winflo 4,10.0
020_11_L_02.tiff,108,L,02,M,Nike,zoom winflo 4,10.0
020_11_L_03.tiff,108,L,03,M,Nike,zoom winflo 4,10.0
020_11_L_04.tiff,108,L,04,M,Nike,zoom winflo 4,10.0
020_11_L_05.tiff,108,L,05,M,Nike,zoom winflo 4,10.0
020_11_R_01.tiff,108,R,01,M,Nike,zoom winflo 4,10.0
020_11_R_02.tiff,108,R,02,M,Nike,zoom winflo 4,10.0
020_11_R_03.tiff,108,R,03,M,Nike,zoom winflo 4,10.0
020_11_R_04.tiff,108,R,04,M,Nike,zoom winflo 4,10.0
020_11_R_05.tiff,108,R,05,M,Nike,zoom winflo 4,10.0
020_12_L_01.tiff,109,L,01,M,Converse,,10.0
020_12_L_02.tiff,109,L,02,M,Converse,,10.0
020_12_L_03.tiff,109,L,03,M,Converse,,10.0
020_12_L_04.tiff,109,L,04,M,Converse,,10.0
020_12_L_05.tiff,109,L,05,M,Converse,,10.0
020_12_R_01.tiff,109,R,01,M,Converse,,10.0
020_12_R_02.tiff,109,R,02,M,Converse,,10.0
020_12_R_03.tiff,109,R,03,M,Converse,,10.0
020_12_R_04.tiff,109,R,04,M,Converse,,10.0
020_12_R_05.tiff,109,R,05,M,Converse,,10.0
020_13_L_01.tiff,110,L,01,M,Sonoma,,10.5
020_13_L_02.tiff,110,L,02,M,Sonoma,,10.5
020_13_L_03.tiff,110,L,03,M,Sonoma,,10.5
020_13_L_04.tiff,110,L,04,M,Sonoma,,10.5
020_13_L_05.tiff,110,L,05,M,Sonoma,,10.5
020_13_R_01.tiff,110,R,01,M,Sonoma,,10.5
020_13_R_02.tiff,110,R,02,M,Sonoma,,10.5
020_13_R_03.tiff,110,R,03,M,Sonoma,,10.5
020_13_R_04.tiff,110,R,04,M,Sonoma,,10.5
020_13_R_05.tiff,110,R,05,M,Sonoma,,10.5
020_14_L_01.tiff,111,L,01,M,G.H.Bass&Co,,10.0
020_14_L_02.tiff,111,L,02,M,G.H.Bass&Co,,10.0
020_14_L_03.tiff,111,L,03,M,G.H.Bass&Co,,10.0
020_14_L_04.tiff,111,L,04,M,G.H.Bass&Co,,10.0
020_14_L_05.tiff,111,L,05,M,G.H.Bass&Co,,10.0
020_14_R_01.tiff,111,R,01,M,G.H.Bass&Co,,10.0
020_14_R_02.tiff,111,R,02,M,G.H.Bass&Co,,10.0
020_14_R_03.tiff,111,R,03,M,G.H.Bass&Co,,10.0
020_14_R_04.tiff,111,R,04,M,G.H.Bass&Co,,10.0
020_14_R_05.tiff,111,R,05,M,G.H.Bass&Co,,10.0
020_15_L_01.tiff,112,L,01,M,Skechers,relaxedfit,10.0
020_15_L_02.tiff,112,L,02,M,Skechers,relaxedfit,10.0
020_15_L_03.tiff,112,L,03,M,Skechers,relaxedfit,10.0
020_15_L_04.tiff,112,L,04,M,Skechers,relaxedfit,10.0
020_15_L_05.tiff,112,L,05,M,Skechers,relaxedfit,10.0
020_15_R_01.tiff,112,R,01,M,Skechers,relaxedfit,10.0
020_15_R_02.tiff,112,R,02,M,Skechers,relaxedfit,10.0
020_15_R_03.tiff,112,R,03,M,Skechers,relaxedfit,10.0
020_15_R_04.tiff,112,R,04,M,Skechers,relaxedfit,10.0
020_15_R_05.tiff,112,R,05,M,Skechers,relaxedfit,10.0
020_16_L_01.tiff,113,L,01,M,Fadedglory,,9.0
020_16_L_02.tiff,113,L,02,M,Fadedglory,,9.0
020_16_L_03.tiff,113,L,03,M,Fadedglory,,9.0
020_16_L_04.tiff,113,L,04,M,Fadedglory,,9.0
020_16_L_05.tiff,113,L,05,M,Fadedglory,,9.0
020_16_R_01.tiff,113,R,01,M,Fadedglory,,9.0
020_16_R_02.tiff,113,R,02,M,Fadedglory,,9.0
020_16_R_03.tiff,113,R,03,M,Fadedglory,,9.0
020_16_R_04.tiff,113,R,04,M,Fadedglory,,9.0
020_16_R_05.tiff,113,R,05,M,Fadedglory,,9.0
020_17_L_01.tiff,114,L,01,M,Sperry,top-sider,10.0
020_17_L_02.tiff,114,L,02,M,Sperry,top-sider,10.0
020_17_L_03.tiff,114,L,03,M,Sperry,top-sider,10.0
020_17_L_04.tiff,114,L,04,M,Sperry,top-sider,10.0
020_17_L_05.tiff,114,L,05,M,Sperry,top-sider,10.0
020_17_R_01.tiff,114,R,01,M,Sperry,top-sider,10.0
020_17_R_02.tiff,114,R,02,M,Sperry,top-sider,10.0
020_17_R_03.tiff,114,R,03,M,Sperry,top-sider,10.0
020_17_R_04.tiff,114,R,04,M,Sperry,top-sider,10.0
020_17_R_05.tiff,114,R,05,M,Sperry,top-sider,10.0
020_18_L_01.tiff,115,L,01,M,Nike,total core trainer,10.5
020_18_L_02.tiff,115,L,02,M,Nike,total core trainer,10.5
020_18_L_03.tiff,115,L,03,M,Nike,total core trainer,10.5
020_18_L_04.tiff,115,L,04,M,Nike,total core trainer,10.5
020_18_L_05.tiff,115,L,05,M,Nike,total core trainer,10.5
020_18_R_01.tiff,115,R,01,M,Nike,total core trainer,10.5
020_18_R_02.tiff,115,R,02,M,Nike,total core trainer,10.5
020_18_R_03.tiff,115,R,03,M,Nike,total core trainer,10.5
020_18_R_04.tiff,115,R,04,M,Nike,total core trainer,10.5
020_18_R_05.tiff,115,R,05,M,Nike,total core trainer,10.5
020_19_L_01.tiff,116,L,01,M,Adidas,samba,11.5
020_19_L_02.tiff,116,L,02,M,Adidas,samba,11.5
020_19_L_03.tiff,116,L,03,M,Adidas,samba,11.5
020_19_L_04.tiff,116,L,04,M,Adidas,samba,11.5
020_19_L_05.tiff,116,L,05,M,Adidas,samba,11.5
020_19_R_01.tiff,116,R,01,M,Adidas,samba,11.5
020_19_R_02.tiff,116,R,02,M,Adidas,samba,11.5
020_19_R_03.tiff,116,R,03,M,Adidas,samba,11.5
020_19_R_04.tiff,116,R,04,M,Adidas,samba,11.5
020_19_R_05.tiff,116,R,05,M,Adidas,samba,11.5
021_01_L_01.tiff,117,L,01,W,Nike,revolution2,9.0
021_01_L_02.tiff,117,L,02,W,Nike,revolution2,9.0
021_01_L_03.tiff,117,L,03,W,Nike,revolution2,9.0
021_01_L_04.tiff,117,L,04,W,Nike,revolution2,9.0
021_01_L_05.tiff,117,L,05,W,Nike,revolution2,9.0
021_01_R_01.tiff,117,R,01,W,Nike,revolution2,9.0
021_01_R_02.tiff,117,R,02,W,Nike,revolution2,9.0
021_01_R_03.tiff,117,R,03,W,Nike,revolution2,9.0
021_01_R_04.tiff,117,R,04,W,Nike,revolution2,9.0
021_01_R_05.tiff,117,R,05,W,Nike,revolution2,9.0
021_02_L_01.tiff,118,L,01,W,Champion,,8.5
021_02_L_02.tiff,118,L,02,W,Champion,,8.5
021_02_L_03.tiff,118,L,03,W,Champion,,8.5
021_02_L_04.tiff,118,L,04,W,Champion,,8.5
021_02_L_05.tiff,118,L,05,W,Champion,,8.5
021_02_R_01.tiff,118,R,01,W,Champion,,8.5
021_02_R_02.tiff,118,R,02,W,Champion,,8.5
021_02_R_03.tiff,118,R,03,W,Champion,,8.5
021_02_R_04.tiff,118,R,04,W,Champion,,8.5
021_02_R_05.tiff,118,R,05,W,Champion,,8.5
021_03_L_01.tiff,119,L,01,W,Brooks,GTS seventeenth (grey),9.5
021_03_L_02.tiff,119,L,02,W,Brooks,GTS seventeenth (grey),9.5
021_03_L_03.tiff,119,L,03,W,Brooks,GTS seventeenth (grey),9.5
021_03_L_04.tiff,119,L,04,W,Brooks,GTS seventeenth (grey),9.5
021_03_L_05.tiff,119,L,05,W,Brooks,GTS seventeenth (grey),9.5
021_03_R_01.tiff,119,R,01,W,Brooks,GTS seventeenth (grey),9.5
021_03_R_02.tiff,119,R,02,W,Brooks,GTS seventeenth (grey),9.5
021_03_R_03.tiff,119,R,03,W,Brooks,GTS seventeenth (grey),9.5
021_03_R_04.tiff,119,R,04,W,Brooks,GTS seventeenth (grey),9.5
021_03_R_05.tiff,119,R,05,W,Brooks,GTS seventeenth (grey),9.5
021_04_L_01.tiff,120,L,01,W,Brooks,GTS seventeenth (blue),9.5
021_04_L_02.tiff,120,L,02,W,Brooks,GTS seventeenth (blue),9.5
021_04_L_03.tiff,120,L,03,W,Brooks,GTS seventeenth (blue),9.5
021_04_L_04.tiff,120,L,04,W,Brooks,GTS seventeenth (blue),9.5
021_04_L_05.tiff,120,L,05,W,Brooks,GTS seventeenth (blue),9.5
021_04_R_01.tiff,120,R,01,W,Brooks,GTS seventeenth (blue),9.5
021_04_R_02.tiff,120,R,02,W,Brooks,GTS seventeenth (blue),9.5
021_04_R_03.tiff,120,R,03,W,Brooks,GTS seventeenth (blue),9.5
021_04_R_04.tiff,120,R,04,W,Brooks,GTS seventeenth (blue),9.5
021_04_R_05.tiff,120,R,05,W,Brooks,GTS seventeenth (blue),9.5
021_05_L_01.tiff,121,L,01,W,Champion,,8.5
021_05_L_02.tiff,121,L,02,W,Champion,,8.5
021_05_L_03.tiff,121,L,03,W,Champion,,8.5
021_05_L_04.tiff,121,L,04,W,Champion,,8.5
021_05_L_05.tiff,121,L,05,W,Champion,,8.5
021_05_R_01.tiff,121,R,01,W,Champion,,8.5
021_05_R_02.tiff,121,R,02,W,Champion,,8.5
021_05_R_03.tiff,121,R,03,W,Champion,,8.5
021_05_R_04.tiff,121,R,04,W,Champion,,8.5
021_05_R_05.tiff,121,R,05,W,Champion,,8.5
021_06_L_01.tiff,122,L,01,M,Nike,Shock,9.0
021_06_L_02.tiff,122,L,02,M,Nike,Shock,9.0
021_06_L_03.tiff,122,L,03,M,Nike,Shock,9.0
021_06_L_04.tiff,122,L,04,M,Nike,Shock,9.0
021_06_L_05.tiff,122,L,05,M,Nike,Shock,9.0
021_06_R_01.tiff,122,R,01,M,Nike,Shock,9.0
021_06_R_02.tiff,122,R,02,M,Nike,Shock,9.0
021_06_R_03.tiff,122,R,03,M,Nike,Shock,9.0
021_06_R_04.tiff,122,R,04,M,Nike,Shock,9.0
021_06_R_05.tiff,122,R,05,M,Nike,Shock,9.0
021_07_L_01.tiff,123,L,01,M,Nike,Lunarglide 7,9.5
021_07_L_02.tiff,123,L,02,M,Nike,Lunarglide 7,9.5
021_07_L_03.tiff,123,L,03,M,Nike,Lunarglide 7,9.5
021_07_L_04.tiff,123,L,04,M,Nike,Lunarglide 7,9.5
021_07_L_05.tiff,123,L,05,M,Nike,Lunarglide 7,9.5
021_07_R_01.tiff,123,R,01,M,Nike,Lunarglide 7,9.5
021_07_R_02.tiff,123,R,02,M,Nike,Lunarglide 7,9.5
021_07_R_03.tiff,123,R,03,M,Nike,Lunarglide 7,9.5
021_07_R_04.tiff,123,R,04,M,Nike,Lunarglide 7,9.5
021_07_R_05.tiff,123,R,05,M,Nike,Lunarglide 7,9.5
021_08_L_01.tiff,124,L,01,M,Nike ,,9.5
021_08_L_02.tiff,124,L,02,M,Nike ,,9.5
021_08_L_03.tiff,124,L,03,M,Nike ,,9.5
021_08_L_04.tiff,124,L,04,M,Nike ,,9.5
021_08_L_05.tiff,124,L,05,M,Nike ,,9.5
021_08_R_01.tiff,124,R,01,M,Nike ,,9.5
021_08_R_02.tiff,124,R,02,M,Nike ,,9.5
021_08_R_03.tiff,124,R,03,M,Nike ,,9.5
021_08_R_04.tiff,124,R,04,M,Nike ,,9.5
021_08_R_05.tiff,124,R,05,M,Nike ,,9.5
022_01_L_01.tiff,125,L,01,M,Under Amour,,13.0
022_01_L_02.tiff,125,L,02,M,Under Amour,,13.0
022_01_L_03.tiff,125,L,03,M,Under Amour,,13.0
022_01_L_04.tiff,125,L,04,M,Under Amour,,13.0
022_01_L_05.tiff,125,L,05,M,Under Amour,,13.0
022_01_R_01.tiff,125,R,01,M,Under Amour,,13.0
022_01_R_02.tiff,125,R,02,M,Under Amour,,13.0
022_01_R_03.tiff,125,R,03,M,Under Amour,,13.0
022_01_R_04.tiff,125,R,04,M,Under Amour,,13.0
022_01_R_05.tiff,125,R,05,M,Under Amour,,13.0
023_01_L_01.tiff,126,L,01,M,American Eagle,,11.0
023_01_L_02.tiff,126,L,02,M,American Eagle,,11.0
023_01_L_03.tiff,126,L,03,M,American Eagle,,11.0
023_01_L_04.tiff,126,L,04,M,American Eagle,,11.0
023_01_L_05.tiff,126,L,05,M,American Eagle,,11.0
023_01_R_01.tiff,126,R,01,M,American Eagle,,11.0
023_01_R_02.tiff,126,R,02,M,American Eagle,,11.0
023_01_R_03.tiff,126,R,03,M,American Eagle,,11.0
023_01_R_04.tiff,126,R,04,M,American Eagle,,11.0
023_01_R_05.tiff,126,R,05,M,American Eagle,,11.0
023_02_L_01.tiff,127,L,01,M,Champion,,11.0
023_02_L_02.tiff,127,L,02,M,Champion,,11.0
023_02_L_03.tiff,127,L,03,M,Champion,,11.0
023_02_L_04.tiff,127,L,04,M,Champion,,11.0
023_02_L_05.tiff,127,L,05,M,Champion,,11.0
023_02_R_01.tiff,127,R,01,M,Champion,,11.0
023_02_R_02.tiff,127,R,02,M,Champion,,11.0
023_02_R_03.tiff,127,R,03,M,Champion,,11.0
023_02_R_04.tiff,127,R,04,M,Champion,,11.0
023_02_R_05.tiff,127,R,05,M,Champion,,11.0
024_01_L_01.tiff,128,L,01,M,Asics,Dynamic Duomax,10.5
024_01_L_02.tiff,128,L,02,M,Asics,Dynamic Duomax,10.5
024_01_L_03.tiff,128,L,03,M,Asics,Dynamic Duomax,10.5
024_01_L_04.tiff,128,L,04,M,Asics,Dynamic Duomax,10.5
024_01_L_05.tiff,128,L,05,M,Asics,Dynamic Duomax,10.5
024_01_R_01.tiff,128,R,01,M,Asics,Dynamic Duomax,10.5
024_01_R_02.tiff,128,R,02,M,Asics,Dynamic Duomax,10.5
024_01_R_03.tiff,128,R,03,M,Asics,Dynamic Duomax,10.5
024_01_R_04.tiff,128,R,04,M,Asics,Dynamic Duomax,10.5
024_01_R_05.tiff,128,R,05,M,Asics,Dynamic Duomax,10.5
025_01_L_01.tiff,129,L,01,W,Nike,zoom winflo 4,8.0
025_01_L_02.tiff,129,L,02,W,Nike,zoom winflo 4,8.0
025_01_L_03.tiff,129,L,03,W,Nike,zoom winflo 4,8.0
025_01_L_04.tiff,129,L,04,W,Nike,zoom winflo 4,8.0
025_01_L_05.tiff,129,L,05,W,Nike,zoom winflo 4,8.0
025_01_R_01.tiff,129,R,01,W,Nike,zoom winflo 4,8.0
025_01_R_02.tiff,129,R,02,W,Nike,zoom winflo 4,8.0
025_01_R_03.tiff,129,R,03,W,Nike,zoom winflo 4,8.0
025_01_R_04.tiff,129,R,04,W,Nike,zoom winflo 4,8.0
025_01_R_05.tiff,129,R,05,W,Nike,zoom winflo 4,8.0
025_02_L_01.tiff,130,L,01,W,Nike,Tr fit 4,7.5
025_02_L_02.tiff,130,L,02,W,Nike,Tr fit 4,7.5
025_02_L_03.tiff,130,L,03,W,Nike,Tr fit 4,7.5
025_02_L_04.tiff,130,L,04,W,Nike,Tr fit 4,7.5
025_02_L_05.tiff,130,L,05,W,Nike,Tr fit 4,7.5
025_02_R_01.tiff,130,R,01,W,Nike,Tr fit 4,7.5
025_02_R_02.tiff,130,R,02,W,Nike,Tr fit 4,7.5
025_02_R_03.tiff,130,R,03,W,Nike,Tr fit 4,7.5
025_02_R_04.tiff,130,R,04,W,Nike,Tr fit 4,7.5
025_02_R_05.tiff,130,R,05,W,Nike,Tr fit 4,7.5
025_03_L_01.tiff,131,L,01,W,Nike,Tr fit 4,7.0
025_03_L_02.tiff,131,L,02,W,Nike,Tr fit 4,7.0
025_03_L_03.tiff,131,L,03,W,Nike,Tr fit 4,7.0
025_03_L_04.tiff,131,L,04,W,Nike,Tr fit 4,7.0
025_03_L_05.tiff,131,L,05,W,Nike,Tr fit 4,7.0
025_03_R_01.tiff,131,R,01,W,Nike,Tr fit 4,7.0
025_03_R_02.tiff,131,R,02,W,Nike,Tr fit 4,7.0
025_03_R_03.tiff,131,R,03,W,Nike,Tr fit 4,7.0
025_03_R_04.tiff,131,R,04,W,Nike,Tr fit 4,7.0
025_03_R_05.tiff,131,R,05,W,Nike,Tr fit 4,7.0
025_04_L_01.tiff,132,L,01,W,Ecco,,8.0
025_04_L_02.tiff,132,L,02,W,Ecco,,8.0
025_04_L_03.tiff,132,L,03,W,Ecco,,8.0
025_04_L_04.tiff,132,L,04,W,Ecco,,8.0
025_04_L_05.tiff,132,L,05,W,Ecco,,8.0
025_04_R_01.tiff,132,R,01,W,Ecco,,8.0
025_04_R_02.tiff,132,R,02,W,Ecco,,8.0
025_04_R_03.tiff,132,R,03,W,Ecco,,8.0
025_04_R_04.tiff,132,R,04,W,Ecco,,8.0
025_04_R_05.tiff,132,R,05,W,Ecco,,8.0
025_05_L_01.tiff,133,L,01,W,Asics,S465N,7.5
025_05_L_02.tiff,133,L,02,W,Asics,S465N,7.5
025_05_L_03.tiff,133,L,03,W,Asics,S465N,7.5
025_05_L_04.tiff,133,L,04,W,Asics,S465N,7.5
025_05_L_05.tiff,133,L,05,W,Asics,S465N,7.5
025_05_R_01.tiff,133,R,01,W,Asics,S465N,7.5
025_05_R_02.tiff,133,R,02,W,Asics,S465N,7.5
025_05_R_03.tiff,133,R,03,W,Asics,S465N,7.5
025_05_R_04.tiff,133,R,04,W,Asics,S465N,7.5
025_05_R_05.tiff,133,R,05,W,Asics,S465N,7.5
025_06_L_01.tiff,134,L,01,W,Newbalance,WX208P,7.5
025_06_L_02.tiff,134,L,02,W,Newbalance,WX208P,7.5
025_06_L_03.tiff,134,L,03,W,Newbalance,WX208P,7.5
025_06_L_04.tiff,134,L,04,W,Newbalance,WX208P,7.5
025_06_L_05.tiff,134,L,05,W,Newbalance,WX208P,7.5
025_06_R_01.tiff,134,R,01,W,Newbalance,WX208P,7.5
025_06_R_02.tiff,134,R,02,W,Newbalance,WX208P,7.5
025_06_R_03.tiff,134,R,03,W,Newbalance,WX208P,7.5
025_06_R_04.tiff,134,R,04,W,Newbalance,WX208P,7.5
025_06_R_05.tiff,134,R,05,W,Newbalance,WX208P,7.5
025_07_L_01.tiff,135,L,01,W,Ecco,,8.0
025_07_L_02.tiff,135,L,02,W,Ecco,,8.0
025_07_L_03.tiff,135,L,03,W,Ecco,,8.0
025_07_L_04.tiff,135,L,04,W,Ecco,,8.0
025_07_L_05.tiff,135,L,05,W,Ecco,,8.0
025_07_R_01.tiff,135,R,01,W,Ecco,,8.0
025_07_R_02.tiff,135,R,02,W,Ecco,,8.0
025_07_R_03.tiff,135,R,03,W,Ecco,,8.0
025_07_R_04.tiff,135,R,04,W,Ecco,,8.0
025_07_R_05.tiff,135,R,05,W,Ecco,,8.0
025_08_L_01.tiff,136,L,01,W,Teva,1000035,6.0
025_08_L_02.tiff,136,L,02,W,Teva,1000035,6.0
025_08_L_03.tiff,136,L,03,W,Teva,1000035,6.0
025_08_L_04.tiff,136,L,04,W,Teva,1000035,6.0
025_08_L_05.tiff,136,L,05,W,Teva,1000035,6.0
025_08_R_01.tiff,136,R,01,W,Teva,1000035,6.0
025_08_R_02.tiff,136,R,02,W,Teva,1000035,6.0
025_08_R_03.tiff,136,R,03,W,Teva,1000035,6.0
025_08_R_04.tiff,136,R,04,W,Teva,1000035,6.0
025_08_R_05.tiff,136,R,05,W,Teva,1000035,6.0
026_01_L_01.tiff,137,L,01,W,Converse,,7.0
026_01_L_02.tiff,137,L,02,W,Converse,,7.0
026_01_L_03.tiff,137,L,03,W,Converse,,7.0
026_01_L_04.tiff,137,L,04,W,Converse,,7.0
026_01_L_05.tiff,137,L,05,W,Converse,,7.0
026_01_R_01.tiff,137,R,01,W,Converse,,7.0
026_01_R_02.tiff,137,R,02,W,Converse,,7.0
026_01_R_03.tiff,137,R,03,W,Converse,,7.0
026_01_R_04.tiff,137,R,04,W,Converse,,7.0
026_01_R_05.tiff,137,R,05,W,Converse,,7.0
026_02_L_01.tiff,138,L,01,W,Dansko,,7.0
026_02_L_02.tiff,138,L,02,W,Dansko,,7.0
026_02_L_03.tiff,138,L,03,W,Dansko,,7.0
026_02_L_04.tiff,138,L,04,W,Dansko,,7.0
026_02_L_05.tiff,138,L,05,W,Dansko,,7.0
026_02_R_01.tiff,138,R,01,W,Dansko,,7.0
026_02_R_02.tiff,138,R,02,W,Dansko,,7.0
026_02_R_03.tiff,138,R,03,W,Dansko,,7.0
026_02_R_04.tiff,138,R,04,W,Dansko,,7.0
026_02_R_05.tiff,138,R,05,W,Dansko,,7.0
026_03_L_01.tiff,139,L,01,W,Nike,free run 2,7.5
026_03_L_02.tiff,139,L,02,W,Nike,free run 2,7.5
026_03_L_03.tiff,139,L,03,W,Nike,free run 2,7.5
026_03_L_04.tiff,139,L,04,W,Nike,free run 2,7.5
026_03_L_05.tiff,139,L,05,W,Nike,free run 2,7.5
026_03_R_01.tiff,139,R,01,W,Nike,free run 2,7.5
026_03_R_02.tiff,139,R,02,W,Nike,free run 2,7.5
026_03_R_03.tiff,139,R,03,W,Nike,free run 2,7.5
026_03_R_04.tiff,139,R,04,W,Nike,free run 2,7.5
026_03_R_05.tiff,139,R,05,W,Nike,free run 2,7.5
026_04_L_01.tiff,140,L,01,W,Clarks,,7.0
026_04_L_02.tiff,140,L,02,W,Clarks,,7.0
026_04_L_03.tiff,140,L,03,W,Clarks,,7.0
026_04_L_04.tiff,140,L,04,W,Clarks,,7.0
026_04_L_05.tiff,140,L,05,W,Clarks,,7.0
026_04_R_01.tiff,140,R,01,W,Clarks,,7.0
026_04_R_02.tiff,140,R,02,W,Clarks,,7.0
026_04_R_03.tiff,140,R,03,W,Clarks,,7.0
026_04_R_04.tiff,140,R,04,W,Clarks,,7.0
026_04_R_05.tiff,140,R,05,W,Clarks,,7.0
026_05_L_01.tiff,141,L,01,W,Teva,,7.0
026_05_L_02.tiff,141,L,02,W,Teva,,7.0
026_05_L_03.tiff,141,L,03,W,Teva,,7.0
026_05_L_04.tiff,141,L,04,W,Teva,,7.0
026_05_L_05.tiff,141,L,05,W,Teva,,7.0
026_05_R_01.tiff,141,R,01,W,Teva,,7.0
026_05_R_02.tiff,141,R,02,W,Teva,,7.0
026_05_R_03.tiff,141,R,03,W,Teva,,7.0
026_05_R_04.tiff,141,R,04,W,Teva,,7.0
026_05_R_05.tiff,141,R,05,W,Teva,,7.0
026_06_L_01.tiff,142,L,01,W,Keen,,7.5
026_06_L_02.tiff,142,L,02,W,Keen,,7.5
026_06_L_03.tiff,142,L,03,W,Keen,,7.5
026_06_L_04.tiff,142,L,04,W,Keen,,7.5
026_06_L_05.tiff,142,L,05,W,Keen,,7.5
026_06_R_01.tiff,142,R,01,W,Keen,,7.5
026_06_R_02.tiff,142,R,02,W,Keen,,7.5
026_06_R_03.tiff,142,R,03,W,Keen,,7.5
026_06_R_04.tiff,142,R,04,W,Keen,,7.5
026_06_R_05.tiff,142,R,05,W,Keen,,7.5
026_07_L_01.tiff,143,L,01,W,Saucony,ezcursion tr5,7.5
026_07_L_02.tiff,143,L,02,W,Saucony,ezcursion tr5,7.5
026_07_L_03.tiff,143,L,03,W,Saucony,ezcursion tr5,7.5
026_07_L_04.tiff,143,L,04,W,Saucony,ezcursion tr5,7.5
026_07_L_05.tiff,143,L,05,W,Saucony,ezcursion tr5,7.5
026_07_R_01.tiff,143,R,01,W,Saucony,ezcursion tr5,7.5
026_07_R_02.tiff,143,R,02,W,Saucony,ezcursion tr5,7.5
026_07_R_03.tiff,143,R,03,W,Saucony,ezcursion tr5,7.5
026_07_R_04.tiff,143,R,04,W,Saucony,ezcursion tr5,7.5
026_07_R_05.tiff,143,R,05,W,Saucony,ezcursion tr5,7.5
026_08_L_01.tiff,144,L,01,W,Sperry,,7.0
026_08_L_02.tiff,144,L,02,W,Sperry,,7.0
026_08_L_03.tiff,144,L,03,W,Sperry,,7.0
026_08_L_04.tiff,144,L,04,W,Sperry,,7.0
026_08_L_05.tiff,144,L,05,W,Sperry,,7.0
026_08_R_01.tiff,144,R,01,W,Sperry,,7.0
026_08_R_02.tiff,144,R,02,W,Sperry,,7.0
026_08_R_03.tiff,144,R,03,W,Sperry,,7.0
026_08_R_04.tiff,144,R,04,W,Sperry,,7.0
026_08_R_05.tiff,144,R,05,W,Sperry,,7.0
026_09_L_01.tiff,145,L,01,W,K-swiss,,8.0
026_09_L_02.tiff,145,L,02,W,K-swiss,,8.0
026_09_L_03.tiff,145,L,03,W,K-swiss,,8.0
026_09_L_04.tiff,145,L,04,W,K-swiss,,8.0
026_09_L_05.tiff,145,L,05,W,K-swiss,,8.0
026_09_R_01.tiff,145,R,01,W,K-swiss,,8.0
026_09_R_02.tiff,145,R,02,W,K-swiss,,8.0
026_09_R_03.tiff,145,R,03,W,K-swiss,,8.0
026_09_R_04.tiff,145,R,04,W,K-swiss,,8.0
026_09_R_05.tiff,145,R,05,W,K-swiss,,8.0
026_10_L_01.tiff,146,L,01,W,Keen,,7.5
026_10_L_02.tiff,146,L,02,W,Keen,,7.5
026_10_L_03.tiff,146,L,03,W,Keen,,7.5
026_10_L_04.tiff,146,L,04,W,Keen,,7.5
026_10_L_05.tiff,146,L,05,W,Keen,,7.5
026_10_R_01.tiff,146,R,01,W,Keen,,7.5
026_10_R_02.tiff,146,R,02,W,Keen,,7.5
026_10_R_03.tiff,146,R,03,W,Keen,,7.5
026_10_R_04.tiff,146,R,04,W,Keen,,7.5
026_10_R_05.tiff,146,R,05,W,Keen,,7.5
026_11_L_01.tiff,147,L,01,W,Simply vera,,7.5
026_11_L_02.tiff,147,L,02,W,Simply vera,,7.5
026_11_L_03.tiff,147,L,03,W,Simply vera,,7.5
026_11_L_04.tiff,147,L,04,W,Simply vera,,7.5
026_11_L_05.tiff,147,L,05,W,Simply vera,,7.5
026_11_R_0.tiff,147,R,0.,W,Simply vera,,7.5
026_11_R_01.tiff,147,R,01,W,Simply vera,,7.5
026_11_R_02.tiff,147,R,02,W,Simply vera,,7.5
026_11_R_04.tiff,147,R,04,W,Simply vera,,7.5
026_11_R_05.tiff,147,R,05,W,Simply vera,,7.5
026_12_L_01.tiff,148,L,01,W,Arizona,,8.0
026_12_L_02.tiff,148,L,02,W,Arizona,,8.0
026_12_L_03.tiff,148,L,03,W,Arizona,,8.0
026_12_L_04.tiff,148,L,04,W,Arizona,,8.0
026_12_L_05.tiff,148,L,05,W,Arizona,,8.0
026_12_R_01.tiff,148,R,01,W,Arizona,,8.0
026_12_R_02.tiff,148,R,02,W,Arizona,,8.0
026_12_R_03.tiff,148,R,03,W,Arizona,,8.0
026_12_R_04.tiff,148,R,04,W,Arizona,,8.0
026_12_R_05.tiff,148,R,05,W,Arizona,,8.0
027_01_L_01.tiff,149,L,01,W,Nike,,10.5
027_01_L_02.tiff,149,L,02,W,Nike,,10.5
027_01_L_03.tiff,149,L,03,W,Nike,,10.5
027_01_L_04.tiff,149,L,04,W,Nike,,10.5
027_01_L_05.tiff,149,L,05,W,Nike,,10.5
027_01_R_01.tiff,149,R,01,W,Nike,,10.5
027_01_R_02.tiff,149,R,02,W,Nike,,10.5
027_01_R_03.tiff,149,R,03,W,Nike,,10.5
027_01_R_04.tiff,149,R,04,W,Nike,,10.5
027_01_R_05.tiff,149,R,05,W,Nike,,10.5
028_01_L_01.tiff,150,L,01,M,Asics,,12.0
028_01_L_02.tiff,150,L,02,M,Asics,,12.0
028_01_L_03.tiff,150,L,03,M,Asics,,12.0
028_01_L_04.tiff,150,L,04,M,Asics,,12.0
028_01_L_05.tiff,150,L,05,M,Asics,,12.0
028_01_R_01.tiff,150,R,01,M,Asics,,12.0
028_01_R_02.tiff,150,R,02,M,Asics,,12.0
028_01_R_03.tiff,150,R,03,M,Asics,,12.0
028_01_R_04.tiff,150,R,04,M,Asics,,12.0
028_01_R_05.tiff,150,R,05,M,Asics,,12.0
